Date,Previous 14 EMA,Previous 50 EMA,Target Exposure,Shares Traded,Shares Held,Cash,Portfolio Value,Portfolio Value No Strategy
2020-01-02,,,0.00,0.00,0.00,20000.00,20000.00,20082.21
2020-01-03,,,0.00,0.00,0.00,20000.00,20000.00,19930.15
2020-01-06,,,0.00,0.00,0.00,20000.00,20000.00,20006.18
2020-01-07,,,0.00,0.00,0.00,20000.00,20000.00,19949.93
2020-01-08,,,0.00,0.00,0.00,20000.00,20000.00,20056.26
2020-01-09,,,0.00,0.00,0.00,20000.00,20000.00,20192.24
2020-01-10,,,0.00,0.00,0.00,20000.00,20000.00,20134.14
2020-01-13,,,0.00,0.00,0.00,20000.00,20000.00,20272.60
2020-01-14,,,0.00,0.00,0.00,20000.00,20000.00,20241.70
2020-01-15,,,0.00,0.00,0.00,20000.00,20000.00,20287.45
2020-01-16,,,0.00,0.00,0.00,20000.00,20000.00,20456.21
2020-01-17,,,0.00,0.00,0.00,20000.00,20000.00,20519.87
2020-01-21,,,0.00,0.00,0.00,20000.00,20000.00,20479.69
2020-01-22,,,0.00,0.00,0.00,20000.00,20000.00,20482.16
2020-01-23,298.17,,0.00,0.00,0.00,20000.00,20000.00,20505.66
2020-01-24,298.73,,0.00,0.00,0.00,20000.00,20000.00,20323.30
2020-01-27,298.86,,0.00,0.00,0.00,20000.00,20000.00,19997.53
2020-01-28,298.32,,0.00,0.00,0.00,20000.00,20000.00,20207.08
2020-01-29,298.28,,0.00,0.00,0.00,20000.00,20000.00,20190.39
2020-01-30,298.20,,0.00,0.00,0.00,20000.00,20000.00,20255.91
2020-01-31,298.27,,0.00,0.00,0.00,20000.00,20000.00,19888.11
2020-02-03,297.60,,0.00,0.00,0.00,20000.00,20000.00,20035.85
2020-02-04,297.31,,0.00,0.00,0.00,20000.00,20000.00,20341.22
2020-02-05,297.66,,0.00,0.00,0.00,20000.00,20000.00,20576.13
2020-02-06,298.43,,0.00,0.00,0.00,20000.00,20000.00,20645.36
2020-02-07,299.23,,0.00,0.00,0.00,20000.00,20000.00,20535.33
2020-02-10,299.71,,0.00,0.00,0.00,20000.00,20000.00,20688.63
2020-02-11,300.42,,0.00,0.00,0.00,20000.00,20000.00,20724.48
2020-02-12,301.11,,0.00,0.00,0.00,20000.00,20000.00,20858.01
2020-02-13,301.97,,0.00,0.00,0.00,20000.00,20000.00,20835.75
2020-02-14,302.67,,0.00,0.00,0.00,20000.00,20000.00,20869.13
2020-02-18,303.35,,0.00,0.00,0.00,20000.00,20000.00,20815.35
2020-02-19,303.83,,0.00,0.00,0.00,20000.00,20000.00,20914.88
2020-02-20,304.44,,0.00,0.00,0.00,20000.00,20000.00,20828.95
2020-02-21,304.80,,0.00,0.00,0.00,20000.00,20000.00,20614.45
2020-02-24,304.69,,0.00,0.00,0.00,20000.00,20000.00,19930.76
2020-02-25,303.25,,0.00,0.00,0.00,20000.00,20000.00,19326.82
2020-02-26,300.81,,0.00,0.00,0.00,20000.00,20000.00,19255.73
2020-02-27,298.56,,0.00,0.00,0.00,20000.00,20000.00,18390.93
2020-02-28,294.91,,0.00,0.00,0.00,20000.00,20000.00,18313.66
2020-03-02,291.60,,0.00,0.00,0.00,20000.00,20000.00,19106.75
2020-03-03,290.28,,0.00,0.00,0.00,20000.00,20000.00,18559.68
2020-03-04,288.07,,0.00,0.00,0.00,20000.00,20000.00,19339.81
2020-03-05,287.68,,0.00,0.00,0.00,20000.00,20000.00,18696.91
2020-03-06,286.09,,0.00,0.00,0.00,20000.00,20000.00,18387.83
2020-03-09,284.09,,0.00,0.00,0.00,20000.00,20000.00,16951.85
2020-03-10,279.54,,0.00,0.00,0.00,20000.00,20000.00,17829.02
2020-03-11,277.32,,0.00,0.00,0.00,20000.00,20000.00,16959.88
2020-03-12,273.69,,0.00,0.00,0.00,20000.00,20000.00,15337.20
2020-03-13,267.35,,0.00,0.00,0.00,20000.00,20000.00,16648.33
2020-03-16,264.44,291.01,0.00,0.00,0.00,20000.00,20000.00,14826.61
2020-03-17,258.33,288.17,0.00,0.00,0.00,20000.00,20000.00,15627.12
2020-03-18,254.61,285.91,0.00,0.00,0.00,20000.00,20000.00,14835.88
2020-03-19,249.83,283.28,0.00,0.00,0.00,20000.00,20000.00,14867.40
2020-03-20,245.75,280.77,0.00,0.00,0.00,20000.00,20000.00,14226.70
2020-03-23,240.96,277.98,0.00,0.00,0.00,20000.00,20000.00,13862.95
2020-03-24,236.08,275.10,0.00,0.00,0.00,20000.00,20000.00,15118.98
2020-03-25,234.33,273.05,0.00,0.00,0.00,20000.00,20000.00,15345.32
2020-03-26,233.26,271.22,0.00,0.00,0.00,20000.00,20000.00,16241.33
2020-03-27,234.09,269.97,0.00,0.00,0.00,20000.00,20000.00,15757.57
2020-03-30,233.86,268.50,0.00,0.00,0.00,20000.00,20000.00,16269.31
2020-03-31,234.66,267.38,0.00,0.00,0.00,20000.00,20000.00,16026.80
2020-04-01,234.88,266.16,0.00,0.00,0.00,20000.00,20000.00,15305.52
2020-04-02,233.66,264.57,0.00,0.00,0.00,20000.00,20000.00,15658.70
2020-04-03,233.29,263.25,0.00,0.00,0.00,20000.00,20000.00,15432.37
2020-04-06,232.53,261.85,0.00,0.00,0.00,20000.00,20000.00,16468.90
2020-04-07,233.90,261.11,0.00,0.00,0.00,20000.00,20000.00,16485.69
2020-04-08,235.13,260.40,0.00,0.00,0.00,20000.00,20000.00,17039.09
2020-04-09,237.28,260.04,0.00,0.00,0.00,20000.00,20000.00,17298.38
2020-04-13,239.65,259.85,0.00,0.00,0.00,20000.00,20000.00,17140.44
2020-04-14,241.40,259.57,0.00,0.00,0.00,20000.00,20000.00,17645.97
2020-04-15,243.90,259.59,0.00,0.00,0.00,20000.00,20000.00,17271.02
2020-04-16,245.34,259.40,0.00,0.00,0.00,20000.00,20000.00,17354.34
2020-04-17,246.75,259.26,0.00,0.00,0.00,20000.00,20000.00,17823.18
2020-04-20,248.89,259.40,0.00,0.00,0.00,20000.00,20000.00,17509.17
2020-04-21,250.13,259.35,0.00,0.00,0.00,20000.00,20000.00,16977.54
2020-04-22,250.16,259.00,0.00,0.00,0.00,20000.00,20000.00,17354.34
2020-04-23,250.92,258.88,0.00,0.00,0.00,20000.00,20000.00,17353.10
2020-04-24,251.58,258.76,0.00,0.00,0.00,20000.00,20000.00,17594.98
2020-04-27,252.63,258.79,0.00,0.00,0.00,20000.00,20000.00,17848.67
2020-04-28,254.04,258.96,0.00,0.00,0.00,20000.00,20000.00,17766.59
2020-04-29,255.10,259.08,0.00,0.00,0.00,20000.00,20000.00,18231.70
2020-04-30,256.93,259.46,0.00,0.00,0.00,20000.00,20000.00,18061.95
2020-05-01,258.19,259.73,0.00,0.00,0.00,20000.00,20000.00,17583.78
2020-05-04,258.33,259.71,0.00,0.00,0.00,20000.00,20000.00,17632.28
2020-05-05,258.55,259.73,0.00,0.00,0.00,20000.00,20000.00,17795.19
2020-05-06,259.07,259.83,0.00,0.00,0.00,20000.00,20000.00,17674.56
2020-05-07,259.27,259.86,0.00,0.00,0.00,20000.00,20000.00,17887.84
2020-05-08,259.87,260.01,0.00,0.00,0.00,20000.00,20000.00,18183.82
2020-05-11,260.97,260.33,0.10,7.51,7.51,18000.00,20014.88,18187.55
2020-05-12,261.94,260.64,0.20,7.35,14.87,16019.01,19926.71,17825.04
2020-05-13,262.06,260.73,0.30,7.92,22.78,13942.88,19825.23,17509.79
2020-05-14,261.54,260.63,0.40,8.14,30.92,11861.92,19940.53,17719.33
2020-05-15,261.51,260.65,0.50,7.45,38.37,9933.41,20004.38,17800.79
2020-05-18,261.64,260.73,0.60,6.83,45.20,8097.01,20323.35,18343.00
2020-05-19,262.82,261.11,0.70,7.44,52.64,6088.92,20181.54,18154.59
2020-05-20,263.47,261.37,0.80,7.43,60.07,4073.47,20428.51,18463.00
2020-05-21,264.64,261.79,0.90,7.47,67.54,2042.08,20302.52,18335.53
2020-05-22,265.40,262.13,1.00,7.56,75.10,0.00,20343.23,18370.36
2020-05-26,266.13,262.47,1.00,0.00,75.10,0.00,20593.87,18596.69
2020-05-27,267.21,262.93,1.00,0.00,75.10,0.00,20900.29,18873.39
2020-05-28,268.69,263.54,1.00,0.00,75.10,0.00,20861.72,18838.56
2020-05-29,269.90,264.10,1.00,0.00,75.10,0.00,20954.68,18922.51
2020-06-01,271.12,264.68,1.00,0.00,75.10,0.00,21039.38,18998.99
2020-06-02,272.32,265.29,1.00,0.00,75.10,0.00,21213.59,19156.31
2020-06-03,273.68,265.96,1.00,0.00,75.10,0.00,21495.90,19411.24
2020-06-04,275.35,266.76,1.00,0.00,75.10,0.00,21439.44,19360.26
2020-06-05,276.70,267.49,1.00,0.00,75.10,0.00,21988.93,19856.45
2020-06-08,278.85,268.48,1.00,0.00,75.10,0.00,22254.71,20096.47
2020-06-09,281.18,269.57,1.00,0.00,75.10,0.00,22088.76,19946.61
2020-06-10,282.91,270.54,1.00,0.00,75.10,0.00,21965.51,19835.31
2020-06-11,284.18,271.40,1.00,0.00,75.10,0.00,20699.22,18691.83
2020-06-12,283.04,271.56,1.00,0.00,75.10,0.00,20947.10,18915.67
2020-06-15,282.49,271.85,1.00,0.00,75.10,0.00,21142.66,19092.26
2020-06-16,282.36,272.23,1.00,0.00,75.10,0.00,21549.61,19459.75
2020-06-17,282.97,272.81,1.00,0.00,75.10,0.00,21460.10,19378.91
2020-06-18,283.35,273.32,1.00,0.00,75.10,0.00,21468.36,19386.37
2020-06-19,283.68,273.81,1.00,0.00,75.10,0.00,21345.67,19275.58
2020-06-22,283.75,274.22,1.00,0.00,75.10,0.00,21482.60,19399.23
2020-06-23,284.06,274.68,1.00,0.00,75.10,0.00,21581.51,19488.55
2020-06-24,284.50,275.18,1.00,0.00,75.10,0.00,21030.98,18991.41
2020-06-25,283.91,275.37,1.00,0.00,75.10,0.00,21256.45,19195.01
2020-06-26,283.79,275.67,1.00,0.00,75.10,0.00,20751.58,18739.10
2020-06-29,282.80,275.70,1.00,0.00,75.10,0.00,21056.58,19014.52
2020-06-30,282.47,275.88,1.00,0.00,75.10,0.00,21326.31,19258.10
2020-07-01,282.67,276.20,1.00,0.00,75.10,0.00,21475.69,19392.99
2020-07-02,283.11,276.58,1.00,0.00,75.10,0.00,21593.96,19499.79
2020-07-06,283.70,277.01,1.00,0.00,75.10,0.00,21927.31,19800.81
2020-07-07,284.81,277.60,1.00,0.00,75.10,0.00,21701.15,19596.59
2020-07-08,285.36,278.04,1.00,0.00,75.10,0.00,21867.14,19746.48
2020-07-09,286.14,278.56,1.00,0.00,75.10,0.00,21742.65,19634.06
2020-07-10,286.59,278.99,1.00,0.00,75.10,0.00,21964.65,19834.54
2020-07-13,287.37,279.52,1.00,0.00,75.10,0.00,21774.47,19662.79
2020-07-14,287.71,279.93,1.00,0.00,75.10,0.00,22056.64,19917.60
2020-07-15,288.51,280.47,1.00,0.00,75.10,0.00,22259.28,20100.59
2020-07-16,289.56,281.09,1.00,0.00,75.10,0.00,22185.97,20034.39
2020-07-17,290.34,281.65,1.00,0.00,75.10,0.00,22250.29,20092.47
2020-07-20,291.13,282.23,1.00,0.00,75.10,0.00,22430.11,20254.85
2020-07-21,292.14,282.87,1.00,0.00,75.10,0.00,22477.83,20297.95
2020-07-22,293.10,283.51,1.00,0.00,75.10,0.00,22605.77,20413.48
2020-07-23,294.15,284.20,1.00,0.00,75.10,0.00,22336.04,20169.91
2020-07-24,294.59,284.72,1.00,0.00,75.10,0.00,22192.19,20040.00
2020-07-27,294.71,285.14,1.00,0.00,75.10,0.00,22354.03,20186.15
2020-07-28,295.10,285.63,1.00,0.00,75.10,0.00,22212.25,20058.12
2020-07-29,295.19,286.03,1.00,0.00,75.10,0.00,22485.44,20304.81
2020-07-30,295.75,286.56,1.00,0.00,75.10,0.00,22405.20,20232.36
2020-07-31,296.10,287.02,1.00,0.00,75.10,0.00,22582.25,20392.24
2020-08-03,296.71,287.55,1.00,0.00,75.10,0.00,22739.25,20534.01
2020-08-04,297.52,288.15,1.00,0.00,75.10,0.00,22827.09,20613.33
2020-08-05,298.38,288.77,1.00,0.00,75.10,0.00,22968.87,20741.36
2020-08-06,299.37,289.44,1.00,0.00,75.10,0.00,23122.39,20880.00
2020-08-07,300.51,290.16,1.00,0.00,75.10,0.00,23139.00,20894.99
2020-08-10,301.52,290.87,1.00,0.00,75.10,0.00,23208.16,20957.45
2020-08-11,302.52,291.58,1.00,0.00,75.10,0.00,23016.58,20784.45
2020-08-12,303.05,292.16,1.00,0.00,75.10,0.00,23337.49,21074.23
2020-08-13,304.08,292.89,1.00,0.00,75.10,0.00,23295.30,21036.14
2020-08-14,304.89,293.57,1.00,0.00,75.10,0.00,23295.99,21036.76
2020-08-17,305.60,294.22,1.00,0.00,75.10,0.00,23370.00,21103.59
2020-08-18,306.35,294.89,1.00,0.00,75.10,0.00,23420.48,21149.18
2020-08-19,307.08,295.55,1.00,0.00,75.10,0.00,23322.97,21061.12
2020-08-20,307.54,296.14,1.00,0.00,75.10,0.00,23395.59,21126.70
2020-08-21,308.08,296.75,1.00,0.00,75.10,0.00,23478.58,21201.64
2020-08-24,308.68,297.37,1.00,0.00,75.10,0.00,23716.49,21416.48
2020-08-25,309.63,298.09,1.00,0.00,75.10,0.00,23799.48,21491.42
2020-08-26,310.60,298.83,1.00,0.00,75.10,0.00,24038.08,21706.88
2020-08-27,311.87,299.66,1.00,0.00,75.10,0.00,24090.64,21754.34
2020-08-28,313.05,300.49,1.00,0.00,75.10,0.00,24246.26,21894.87
2020-08-31,314.36,301.37,1.00,0.00,75.10,0.00,24158.42,21815.55
2020-09-01,315.34,302.17,1.00,0.00,75.10,0.00,24385.96,22021.03
2020-09-02,316.59,303.05,1.00,0.00,75.10,0.00,24738.68,22339.54
2020-09-03,318.30,304.08,1.00,0.00,75.10,0.00,23887.31,21570.74
2020-09-04,318.27,304.63,1.00,0.00,75.10,0.00,23692.28,21394.62
2020-09-08,317.90,305.06,1.00,0.00,75.10,0.00,23044.95,20810.06
2020-09-09,316.42,305.13,1.00,0.00,75.10,0.00,23500.02,21221.00
2020-09-10,315.96,305.43,1.00,0.00,75.10,0.00,23091.97,20852.53
2020-09-11,314.83,305.51,1.00,0.00,75.10,0.00,23103.73,20863.14
2020-09-14,313.87,305.60,1.00,0.00,75.10,0.00,23408.03,21137.94
2020-09-15,313.58,305.84,1.00,0.00,75.10,0.00,23526.29,21244.73
2020-09-16,313.54,306.13,1.00,0.00,75.10,0.00,23432.93,21160.42
2020-09-17,313.34,306.36,1.00,0.00,75.10,0.00,23226.83,20974.31
2020-09-18,312.79,306.47,1.00,0.00,75.10,0.00,22959.43,20732.84
2020-09-21,311.85,306.44,1.00,0.00,75.10,0.00,22703.90,20502.09
2020-09-22,310.58,306.28,1.00,0.00,75.10,0.00,22935.12,20710.89
2020-09-23,309.89,306.25,1.00,0.00,75.10,0.00,22403.24,20230.59
2020-09-24,308.35,305.94,1.00,0.00,75.10,0.00,22462.95,20284.51
2020-09-25,307.11,305.67,1.00,0.00,75.10,0.00,22826.11,20612.44
2020-09-28,306.69,305.60,1.00,0.00,75.10,0.00,23205.24,20954.81
2020-09-29,307.00,305.73,1.00,0.00,75.10,0.00,23078.86,20840.69
2020-09-30,307.04,305.80,1.00,0.00,75.10,0.00,23253.85,20998.70
2020-10-01,307.39,305.95,1.00,0.00,75.10,0.00,23403.13,21133.51
2020-10-02,307.95,306.17,1.00,0.00,75.10,0.00,23180.93,20932.86
2020-10-05,308.05,306.27,1.00,0.00,75.10,0.00,23592.01,21304.07
2020-10-06,308.86,306.58,1.00,0.00,75.10,0.00,23256.62,21001.20
2020-10-07,308.97,306.70,1.00,0.00,75.10,0.00,23661.45,21366.77
2020-10-08,309.78,307.03,1.00,0.00,75.10,0.00,23871.14,21556.14
2020-10-09,310.86,307.45,1.00,0.00,75.10,0.00,24084.32,21748.63
2020-10-12,312.17,307.97,1.00,0.00,75.10,0.00,24471.77,22098.51
2020-10-13,314.00,308.67,1.00,0.00,75.10,0.00,24312.07,21954.30
2020-10-14,315.29,309.26,1.00,0.00,75.10,0.00,24159.30,21816.35
2020-10-15,316.15,309.75,1.00,0.00,75.10,0.00,24129.45,21789.39
2020-10-16,316.83,310.20,1.00,0.00,75.10,0.00,24114.87,21776.22
2020-10-19,317.40,310.63,1.00,0.00,75.10,0.00,23748.24,21445.15
2020-10-20,317.25,310.85,1.00,0.00,75.10,0.00,23843.36,21531.05
2020-10-21,317.28,311.11,1.00,0.00,75.10,0.00,23798.23,21490.29
2020-10-22,317.23,311.34,1.00,0.00,75.10,0.00,23928.77,21608.17
2020-10-23,317.41,311.62,1.00,0.00,75.10,0.00,24010.01,21681.53
2020-10-26,317.72,311.94,1.00,0.00,75.10,0.00,23566.31,21280.87
2020-10-27,317.20,312.01,1.00,0.00,75.10,0.00,23485.07,21207.50
2020-10-28,316.60,312.04,1.00,0.00,75.10,0.00,22682.37,20482.65
2020-10-29,314.66,311.65,1.00,0.00,75.10,0.00,22912.90,20690.82
2020-10-30,313.38,311.39,1.00,0.00,75.10,0.00,22674.04,20475.13
2020-11-02,311.85,311.02,1.00,0.00,75.10,0.00,22928.19,20704.62
2020-11-03,310.98,310.80,1.00,0.00,75.10,0.00,23333.00,21070.18
2020-11-04,310.94,310.79,1.00,0.00,75.10,0.00,23854.48,21541.08
2020-11-05,311.84,311.06,1.00,0.00,75.10,0.00,24319.70,21961.19
2020-11-06,313.43,311.56,1.00,0.00,75.10,0.00,24314.15,21956.18
2020-11-09,314.81,312.04,1.00,0.00,75.10,0.00,24619.68,22232.07
2020-11-10,316.55,312.66,1.00,0.00,75.10,0.00,24583.56,22199.46
2020-11-11,317.99,313.23,1.00,0.00,75.10,0.00,24766.19,22364.38
2020-11-12,319.56,313.88,1.00,0.00,75.10,0.00,24525.93,22147.42
2020-11-13,320.49,314.38,1.00,0.00,75.10,0.00,24865.48,22454.04
2020-11-16,321.91,315.04,1.00,0.00,75.10,0.00,25175.87,22734.33
2020-11-17,323.68,315.83,1.00,0.00,75.10,0.00,25040.46,22612.05
2020-11-18,324.98,316.52,1.00,0.00,75.10,0.00,24739.11,22339.93
2020-11-19,325.58,317.02,1.00,0.00,75.10,0.00,24843.26,22433.98
2020-11-20,326.27,317.56,1.00,0.00,75.10,0.00,24673.14,22280.36
2020-11-23,326.57,317.99,1.00,0.00,75.10,0.00,24821.04,22413.91
2020-11-24,327.10,318.49,1.00,0.00,75.10,0.00,25221.00,22775.08
2020-11-25,328.26,319.17,1.00,0.00,75.10,0.00,25182.11,22739.96
2020-11-27,329.20,319.80,1.00,0.00,75.10,0.00,25252.24,22803.30
2020-11-30,330.14,320.44,1.00,0.00,75.10,0.00,25140.45,22702.34
2020-12-01,330.76,321.01,1.00,0.00,75.10,0.00,25415.43,22950.65
2020-12-02,331.78,321.69,1.00,0.00,75.10,0.00,25468.89,22998.93
2020-12-03,332.76,322.37,1.00,0.00,75.10,0.00,25461.95,22992.66
2020-12-04,333.60,323.03,1.00,0.00,75.10,0.00,25681.36,23190.80
2020-12-07,334.71,323.77,1.00,0.00,75.10,0.00,25628.59,23143.14
2020-12-08,335.59,324.46,1.00,0.00,75.10,0.00,25703.59,23210.87
2020-12-09,336.48,325.15,1.00,0.00,75.10,0.00,25473.06,23002.70
2020-12-10,336.84,325.70,1.00,0.00,75.10,0.00,25464.73,22995.17
2020-12-11,337.14,326.23,1.00,0.00,75.10,0.00,25434.87,22968.21
2020-12-14,337.34,326.72,1.00,0.00,75.10,0.00,25320.99,22865.37
2020-12-15,337.32,327.13,1.00,0.00,75.10,0.00,25663.32,23174.51
2020-12-16,337.91,327.70,1.00,0.00,75.10,0.00,25703.59,23210.87
2020-12-17,338.49,328.27,1.00,0.00,75.10,0.00,25847.32,23340.67
2020-12-18,339.24,328.89,1.00,0.00,75.10,0.00,25744.12,23247.47
2020-12-21,339.72,329.44,1.00,0.00,75.10,0.00,25652.07,23164.35
2020-12-22,339.97,329.91,1.00,0.00,75.10,0.00,25608.84,23125.31
2020-12-23,340.10,330.35,1.00,0.00,75.10,0.00,25631.85,23146.09
2020-12-24,340.26,330.78,1.00,0.00,75.10,0.00,25731.57,23236.14
2020-12-28,340.58,331.24,1.00,0.00,75.10,0.00,25952.63,23435.76
2020-12-29,341.25,331.81,1.00,0.00,75.10,0.00,25903.11,23391.04
2020-12-30,341.74,332.32,1.00,0.00,75.10,0.00,25940.07,23424.42
2020-12-31,342.22,332.83,1.00,0.00,75.10,0.00,26071.87,23543.43
2021-01-04,342.88,333.40,1.00,0.00,75.10,0.00,25716.93,23222.91
2021-01-05,342.82,333.75,1.00,0.00,75.10,0.00,25894.05,23382.86
2021-01-06,343.09,334.18,1.00,0.00,75.10,0.00,26048.85,23522.65
2021-01-07,343.59,334.68,1.00,0.00,75.10,0.00,26435.88,23872.14
2021-01-08,344.71,335.36,1.00,0.00,75.10,0.00,26586.51,24008.16
2021-01-11,345.95,336.09,1.00,0.00,75.10,0.00,26407.29,23846.32
2021-01-12,346.71,336.70,1.00,0.00,75.10,0.00,26412.86,23851.36
2021-01-13,347.38,337.29,1.00,0.00,75.10,0.00,26483.98,23915.58
2021-01-14,348.08,337.89,1.00,0.00,75.10,0.00,26391.24,23831.83
2021-01-15,348.52,338.42,1.00,0.00,75.10,0.00,26198.78,23658.04
2021-01-19,348.57,338.83,1.00,0.00,75.10,0.00,26404.50,23843.80
2021-01-20,348.97,339.33,1.00,0.00,75.10,0.00,26769.89,24173.77
2021-01-21,349.97,340.00,1.00,0.00,75.10,0.00,26794.30,24195.80
2021-01-22,350.88,340.66,1.00,0.00,75.10,0.00,26699.47,24110.17
2021-01-25,351.50,341.24,1.00,0.00,75.10,0.00,26804.76,24205.25
2021-01-26,352.22,341.86,1.00,0.00,75.10,0.00,26762.93,24167.48
2021-01-27,352.77,342.43,1.00,0.00,75.10,0.00,26108.82,23576.81
2021-01-28,352.09,342.63,1.00,0.00,75.10,0.00,26333.37,23779.57
2021-01-29,351.90,342.95,1.00,0.00,75.10,0.00,25806.18,23303.52
2021-02-01,350.79,342.97,1.00,0.00,75.10,0.00,26235.74,23691.41
2021-02-02,350.60,343.22,1.00,0.00,75.10,0.00,26606.72,24026.42
2021-02-03,351.09,343.66,1.00,0.00,75.10,0.00,26627.64,24045.31
2021-02-04,351.56,344.08,1.00,0.00,75.10,0.00,26930.28,24318.60
2021-02-05,352.49,344.65,1.00,0.00,75.10,0.00,27036.28,24414.32
2021-02-08,353.50,345.26,1.00,0.00,75.10,0.00,27231.53,24590.63
2021-02-09,354.71,345.94,1.00,0.00,75.10,0.00,27213.40,24574.26
2021-02-10,355.73,346.58,1.00,0.00,75.10,0.00,27201.55,24563.56
2021-02-11,356.59,347.19,1.00,0.00,75.10,0.00,27245.48,24603.23
2021-02-12,357.42,347.80,1.00,0.00,75.10,0.00,27380.06,24724.76
2021-02-16,358.38,348.46,1.00,0.00,75.10,0.00,27356.35,24703.35
2021-02-17,359.16,349.08,1.00,0.00,75.10,0.00,27362.63,24709.02
2021-02-18,359.85,349.68,1.00,0.00,75.10,0.00,27246.17,24603.85
2021-02-19,360.25,350.20,1.00,0.00,75.10,0.00,27198.06,24560.40
2021-02-22,360.50,350.66,1.00,0.00,75.10,0.00,26988.86,24371.50
2021-02-23,360.35,351.01,1.00,0.00,75.10,0.00,27021.63,24401.09
2021-02-24,360.28,351.35,1.00,0.00,75.10,0.00,27319.39,24669.97
2021-02-25,360.74,351.84,1.00,0.00,75.10,0.00,26661.10,24075.52
2021-02-26,359.98,351.96,1.00,0.00,75.10,0.00,26523.74,23951.48
2021-03-01,359.07,352.01,1.00,0.00,75.10,0.00,27166.68,24532.07
2021-03-02,359.43,352.39,1.00,0.00,75.10,0.00,26954.69,24340.64
2021-03-03,359.36,352.65,1.00,0.00,75.10,0.00,26597.65,24018.23
2021-03-04,358.67,352.71,1.00,0.00,75.10,0.00,26268.51,23721.01
2021-03-05,357.48,352.59,1.00,0.00,75.10,0.00,26751.77,24157.40
2021-03-08,357.31,352.74,1.00,0.00,75.10,0.00,26618.57,24037.12
2021-03-09,356.93,352.80,1.00,0.00,75.10,0.00,26998.62,24380.31
2021-03-10,357.27,353.06,1.00,0.00,75.10,0.00,27166.68,24532.07
2021-03-11,357.87,353.41,1.00,0.00,75.10,0.00,27442.12,24780.80
2021-03-12,358.88,353.88,1.00,0.00,75.10,0.00,27479.08,24814.18
2021-03-15,359.81,354.35,1.00,0.00,75.10,0.00,27642.96,24962.16
2021-03-16,360.91,354.89,1.00,0.00,75.10,0.00,27608.09,24930.68
2021-03-17,361.81,355.39,1.00,0.00,75.10,0.00,27702.23,25015.69
2021-03-18,362.75,355.91,1.00,0.00,75.10,0.00,27299.17,24651.71
2021-03-19,362.85,356.21,1.00,0.00,75.10,0.00,27248.66,24606.10
2021-03-22,362.85,356.47,1.00,0.00,75.10,0.00,27466.24,24802.58
2021-03-23,363.23,356.83,1.00,0.00,75.10,0.00,27250.06,24607.37
2021-03-24,363.18,357.07,1.00,0.00,75.10,0.00,27111.53,24482.27
2021-03-25,362.89,357.23,1.00,0.00,75.10,0.00,27264.05,24620.00
2021-03-26,362.91,357.45,1.00,0.00,75.10,0.00,27703.41,25016.75
2021-03-29,363.71,357.90,1.00,0.00,75.10,0.00,27689.42,25004.12
2021-03-30,364.37,358.33,1.00,0.00,75.10,0.00,27615.96,24937.78
2021-03-31,364.82,358.69,1.00,0.00,75.10,0.00,27727.90,25038.87
2021-04-01,365.41,359.11,1.00,0.00,75.10,0.00,28027.33,25309.26
2021-04-05,366.45,359.66,1.00,0.00,75.10,0.00,28429.61,25672.53
2021-04-06,368.06,360.40,1.00,0.00,75.10,0.00,28412.82,25657.36
2021-04-07,369.43,361.10,1.00,0.00,75.10,0.00,28445.70,25687.05
2021-04-08,370.68,361.80,1.00,0.00,75.10,0.00,28580.73,25808.98
2021-04-09,372.00,362.53,1.00,0.00,75.10,0.00,28788.51,25996.62
2021-04-12,373.51,363.35,1.00,0.00,75.10,0.00,28799.01,26006.10
2021-04-13,374.84,364.14,1.00,0.00,75.10,0.00,28884.36,26083.18
2021-04-14,376.14,364.94,1.00,0.00,75.10,0.00,28785.72,25994.10
2021-04-15,377.10,365.66,1.00,0.00,75.10,0.00,29094.95,26273.34
2021-04-16,378.47,366.51,1.00,0.00,75.10,0.00,29192.19,26361.15
2021-04-19,379.84,367.38,1.00,0.00,75.10,0.00,29048.77,26231.64
2021-04-20,380.77,368.15,1.00,0.00,75.10,0.00,28836.09,26039.58
2021-04-21,381.19,368.77,1.00,0.00,75.10,0.00,29108.94,26285.97
2021-04-22,382.05,369.51,1.00,0.00,75.10,0.00,28843.08,26045.90
2021-04-23,382.32,370.08,1.00,0.00,75.10,0.00,29155.81,26328.30
2021-04-26,383.10,370.79,1.00,0.00,75.10,0.00,29216.68,26383.27
2021-04-27,383.90,371.50,1.00,0.00,75.10,0.00,29210.39,26377.58
2021-04-28,384.57,372.19,1.00,0.00,75.10,0.00,29201.98,26369.99
2021-04-29,385.14,372.84,1.00,0.00,75.10,0.00,29388.09,26538.05
2021-04-30,385.96,373.57,1.00,0.00,75.10,0.00,29194.99,26363.68
2021-05-03,386.34,374.16,1.00,0.00,75.10,0.00,29257.96,26420.54
2021-05-04,386.77,374.77,1.00,0.00,75.10,0.00,29077.46,26257.54
2021-05-05,386.82,375.25,1.00,0.00,75.10,0.00,29086.55,26265.76
2021-05-06,386.89,375.73,1.00,0.00,75.10,0.00,29318.82,26475.50
2021-05-07,387.36,376.30,1.00,0.00,75.10,0.00,29532.20,26668.19
2021-05-10,388.14,376.97,1.00,0.00,75.10,0.00,29239.77,26404.11
2021-05-11,388.30,377.45,1.00,0.00,75.10,0.00,28978.81,26168.46
2021-05-12,387.98,377.78,1.00,0.00,75.10,0.00,28363.15,25612.51
2021-05-13,386.60,377.78,1.00,0.00,75.10,0.00,28703.86,25920.18
2021-05-14,386.02,377.95,1.00,0.00,75.10,0.00,29144.62,26318.19
2021-05-17,386.29,378.35,1.00,0.00,75.10,0.00,29070.46,26251.22
2021-05-18,386.40,378.69,1.00,0.00,75.10,0.00,28820.00,26025.05
2021-05-19,386.05,378.89,1.00,0.00,75.10,0.00,28744.45,25956.83
2021-05-20,385.61,379.04,1.00,0.00,75.10,0.00,29053.67,26236.06
2021-05-21,385.78,379.35,1.00,0.00,75.10,0.00,29029.88,26214.58
2021-05-24,385.88,379.63,1.00,0.00,75.10,0.00,29325.82,26481.82
2021-05-25,386.49,380.06,1.00,0.00,75.10,0.00,29260.76,26423.07
2021-05-26,386.91,380.43,1.00,0.00,75.10,0.00,29318.82,26475.50
2021-05-27,387.38,380.82,1.00,0.00,75.10,0.00,29334.21,26489.40
2021-05-28,387.81,381.21,1.00,0.00,75.10,0.00,29386.69,26536.79
2021-06-01,388.27,381.60,1.00,0.00,75.10,0.00,29360.80,26513.41
2021-06-02,388.63,381.97,1.00,0.00,75.10,0.00,29406.97,26555.10
2021-06-03,389.02,382.35,1.00,0.00,75.10,0.00,29297.83,26456.54
2021-06-04,389.17,382.65,1.00,0.00,75.10,0.00,29565.79,26698.52
2021-06-07,389.77,383.08,1.00,0.00,75.10,0.00,29537.11,26672.62
2021-06-08,390.24,383.48,1.00,0.00,75.10,0.00,29543.41,26678.31
2021-06-09,390.66,383.87,1.00,0.00,75.10,0.00,29499.32,26638.49
2021-06-10,390.95,384.22,1.00,0.00,75.10,0.00,29636.45,26762.32
2021-06-11,391.44,384.63,1.00,0.00,75.10,0.00,29685.43,26806.55
2021-06-14,391.95,385.05,1.00,0.00,75.10,0.00,29751.88,26866.56
2021-06-15,392.51,385.48,1.00,0.00,75.10,0.00,29697.32,26817.29
2021-06-16,392.90,385.87,1.00,0.00,75.10,0.00,29531.51,26667.56
2021-06-17,392.95,386.16,1.00,0.00,75.10,0.00,29521.71,26658.71
2021-06-18,392.97,386.44,1.00,0.00,75.10,0.00,29123.45,26299.08
2021-06-21,392.28,386.49,1.00,0.00,75.10,0.00,29540.38,26675.57
2021-06-22,392.42,386.76,1.00,0.00,75.10,0.00,29698.31,26818.19
2021-06-23,392.82,387.10,1.00,0.00,75.10,0.00,29662.52,26785.86
2021-06-24,393.11,387.41,1.00,0.00,75.10,0.00,29837.99,26944.32
2021-06-25,393.67,387.80,1.00,0.00,75.10,0.00,29943.98,27040.03
2021-06-28,394.34,388.22,1.00,0.00,75.10,0.00,30004.34,27094.54
2021-06-29,395.04,388.67,1.00,0.00,75.10,0.00,30020.49,27109.12
2021-06-30,395.66,389.10,1.00,0.00,75.10,0.00,30045.75,27131.93
2021-07-01,396.25,389.53,1.00,0.00,75.10,0.00,30212.10,27282.15
2021-07-02,397.06,390.03,1.00,0.00,75.10,0.00,30443.04,27490.69
2021-07-06,398.17,390.63,1.00,0.00,75.10,0.00,30387.58,27440.61
2021-07-07,399.03,391.18,1.00,0.00,75.10,0.00,30494.97,27537.59
2021-07-08,399.96,391.77,1.00,0.00,75.10,0.00,30246.50,27313.21
2021-07-09,400.34,392.20,1.00,0.00,75.10,0.00,30569.38,27604.78
2021-07-12,401.23,392.78,1.00,0.00,75.10,0.00,30678.87,27703.65
2021-07-13,402.20,393.40,1.00,0.00,75.10,0.00,30574.29,27609.21
2021-07-14,402.86,393.93,1.00,0.00,75.10,0.00,30619.90,27650.40
2021-07-15,403.51,394.48,1.00,0.00,75.10,0.00,30515.33,27555.97
2021-07-16,403.88,394.94,1.00,0.00,75.10,0.00,30275.98,27339.83
2021-07-19,403.78,395.26,1.00,0.00,75.10,0.00,29828.87,26936.08
2021-07-20,402.90,395.34,1.00,0.00,75.10,0.00,30256.33,27322.09
2021-07-21,402.90,395.63,1.00,0.00,75.10,0.00,30501.30,27543.30
2021-07-22,403.33,396.05,1.00,0.00,75.10,0.00,30565.16,27600.97
2021-07-23,403.82,396.47,1.00,0.00,75.10,0.00,30879.61,27884.93
2021-07-26,404.80,397.05,1.00,0.00,75.10,0.00,30955.43,27953.39
2021-07-27,405.79,397.65,1.00,0.00,75.10,0.00,30814.34,27825.98
2021-07-28,406.39,398.14,1.00,0.00,75.10,0.00,30801.71,27814.58
2021-07-29,406.89,398.61,1.00,0.00,75.10,0.00,30929.45,27929.93
2021-07-30,407.55,399.13,1.00,0.00,75.10,0.00,30779.25,27794.29
2021-08-02,407.86,399.55,1.00,0.00,75.10,0.00,30714.67,27735.98
2021-08-03,408.01,399.92,1.00,0.00,75.10,0.00,30964.55,27961.63
2021-08-04,408.58,400.41,1.00,0.00,75.10,0.00,30812.24,27824.09
2021-08-05,408.81,400.79,1.00,0.00,75.10,0.00,31007.36,28000.29
2021-08-06,409.35,401.27,1.00,0.00,75.10,0.00,31058.61,28046.56
2021-08-09,409.91,401.75,1.00,0.00,75.10,0.00,31033.34,28023.75
2021-08-10,410.36,402.20,1.00,0.00,75.10,0.00,31071.94,28058.60
2021-08-11,410.81,402.65,1.00,0.00,75.10,0.00,31149.15,28128.33
2021-08-12,411.34,403.13,1.00,0.00,75.10,0.00,31242.51,28212.63
2021-08-13,411.96,403.63,1.00,0.00,75.10,0.00,31299.36,28263.97
2021-08-16,412.60,404.15,1.00,0.00,75.10,0.00,31373.06,28330.52
2021-08-17,413.29,404.68,1.00,0.00,75.10,0.00,31167.40,28144.80
2021-08-18,413.52,405.09,1.00,0.00,75.10,0.00,30826.27,27836.76
2021-08-19,413.11,405.30,1.00,0.00,75.10,0.00,30874.00,27879.86
2021-08-20,412.84,405.53,1.00,0.00,75.10,0.00,31119.67,28101.70
2021-08-23,413.05,405.87,1.00,0.00,75.10,0.00,31393.42,28348.91
2021-08-24,413.71,406.35,1.00,0.00,75.10,0.00,31443.25,28393.90
2021-08-25,414.38,406.83,1.00,0.00,75.10,0.00,31509.23,28453.49
2021-08-26,415.07,407.33,1.00,0.00,75.10,0.00,31323.23,28285.52
2021-08-27,415.34,407.72,1.00,0.00,75.10,0.00,31603.29,28538.42
2021-08-30,416.07,408.23,1.00,0.00,75.10,0.00,31742.26,28663.92
2021-08-31,416.95,408.80,1.00,0.00,75.10,0.00,31695.23,28621.45
2021-09-01,417.63,409.32,1.00,0.00,75.10,0.00,31712.08,28636.67
2021-09-02,418.25,409.82,1.00,0.00,75.10,0.00,31809.64,28724.76
2021-09-03,418.95,410.36,1.00,0.00,75.10,0.00,31801.92,28717.79
2021-09-07,419.56,410.88,1.00,0.00,75.10,0.00,31688.22,28615.11
2021-09-08,419.87,411.31,1.00,0.00,75.10,0.00,31649.61,28580.25
2021-09-09,420.08,411.71,1.00,0.00,75.10,0.00,31514.14,28457.92
2021-09-10,420.02,412.02,1.00,0.00,75.10,0.00,31265.67,28233.54
2021-09-13,419.53,412.19,1.00,0.00,75.10,0.00,31345.68,28305.80
2021-09-14,419.24,412.39,1.00,0.00,75.10,0.00,31176.52,28153.04
2021-09-15,418.70,412.50,1.00,0.00,75.10,0.00,31436.93,28388.20
2021-09-16,418.68,412.74,1.00,0.00,75.10,0.00,31387.10,28343.20
2021-09-17,418.58,412.94,1.00,0.00,75.10,0.00,31081.35,28067.10
2021-09-20,417.96,412.98,1.00,0.00,75.10,0.00,30563.10,27599.11
2021-09-21,416.49,412.74,1.00,0.00,75.10,0.00,30534.23,27573.04
2021-09-22,415.17,412.50,1.00,0.00,75.10,0.00,30832.08,27842.01
2021-09-23,414.55,412.42,1.00,0.00,75.10,0.00,31206.69,28180.29
2021-09-24,414.68,412.55,1.00,0.00,75.10,0.00,31258.10,28226.71
2021-09-27,414.89,412.69,1.00,0.00,75.10,0.00,31168.68,28145.96
2021-09-28,414.91,412.78,1.00,0.00,75.10,0.00,30540.56,27578.76
2021-09-29,413.81,412.54,1.00,0.00,75.10,0.00,30591.96,27625.17
2021-09-30,412.95,412.34,1.00,0.00,75.10,0.00,30218.06,27287.54
2021-10-01,411.54,411.95,0.90,-7.51,67.59,3034.76,30554.23,27611.82
2021-10-04,410.95,411.76,0.80,-7.54,60.05,6095.13,30230.15,27255.74
2021-10-05,409.75,411.37,0.70,-7.44,52.61,9096.07,30461.33,27539.34
2021-10-06,409.26,411.17,0.60,-7.49,45.13,12108.95,30510.60,27653.79
2021-10-07,409.06,411.03,0.50,-7.83,37.29,15329.14,30667.72,27892.88
2021-10-08,409.36,411.04,0.40,-7.50,29.80,18417.83,30651.13,27842.01
2021-10-11,409.52,411.02,0.30,-7.38,22.42,21442.10,30579.65,27640.44
2021-10-12,409.26,410.89,0.20,-7.44,14.98,24480.20,30571.45,27572.40
2021-10-13,408.90,410.72,0.10,-7.48,7.50,27528.09,30590.07,27671.59
2021-10-14,408.79,410.61,0.00,-7.50,0.00,30617.51,30617.51,28137.05
2021-10-15,409.60,410.78,0.00,-0.00,0.00,30617.51,30617.51,28351.33
2021-10-18,410.73,411.07,0.00,0.00,0.00,30617.51,30617.51,28435.27
2021-10-19,411.87,411.39,0.10,7.27,7.27,27555.76,30629.24,28654.65
2021-10-20,413.29,411.83,0.20,7.21,14.48,24506.07,30649.97,28767.19
2021-10-21,414.75,412.31,0.30,7.22,21.70,21448.89,30678.31,28842.22
2021-10-22,416.15,412.82,0.40,7.17,28.87,18401.37,30668.68,28812.34
2021-10-25,417.31,413.29,0.50,7.16,36.04,15350.04,30742.99,28966.85
2021-10-26,418.62,413.84,0.60,7.07,43.11,12319.50,30748.63,28992.92
2021-10-27,419.81,414.37,0.70,7.22,50.32,9230.53,30650.00,28864.48
2021-10-28,420.58,414.81,0.80,7.23,57.55,6144.34,30876.05,29142.99
2021-10-29,421.80,415.40,0.90,7.18,64.73,3074.38,30949.00,29202.12
2021-11-01,422.98,416.00,1.00,7.12,71.86,0.00,30995.21,29252.36
2021-11-02,424.09,416.60,1.00,0.00,71.86,0.00,31120.52,29370.62
2021-11-03,425.29,417.24,1.00,0.00,71.86,-0.00,31310.53,29549.94
2021-11-04,426.68,417.97,1.00,-0.00,71.86,0.00,31458.08,29689.20
2021-11-05,428.16,418.75,1.00,0.00,71.86,-0.00,31567.22,29792.20
2021-11-08,429.65,419.55,1.00,0.00,71.86,-0.00,31594.17,29817.64
2021-11-09,430.99,420.34,1.00,-0.00,71.86,0.00,31489.74,29719.08
2021-11-10,431.95,421.04,1.00,0.00,71.86,-0.00,31236.42,29480.00
2021-11-11,432.32,421.58,1.00,0.00,71.86,-0.00,31246.52,29489.54
2021-11-12,432.66,422.10,1.00,-0.00,71.86,0.00,31482.33,29712.09
2021-11-15,433.38,422.73,1.00,0.00,71.86,-0.00,31493.11,29722.26
2021-11-16,434.04,423.34,1.00,-0.00,71.86,0.00,31617.76,29839.90
2021-11-17,434.83,423.99,1.00,0.00,71.86,-0.00,31540.94,29767.40
2021-11-18,435.38,424.58,1.00,-0.00,71.86,0.00,31648.08,29868.51
2021-11-19,436.05,425.20,1.00,0.00,71.86,-0.00,31591.48,29815.10
2021-11-22,436.53,425.77,1.00,0.00,71.86,-0.00,31502.54,29731.16
2021-11-23,436.78,426.26,1.00,-0.00,71.86,0.00,31544.31,29770.58
2021-11-24,437.08,426.76,1.00,0.00,71.86,0.00,31628.53,29850.07
2021-11-26,437.49,427.29,1.00,0.00,71.86,0.00,30923.12,29184.32
2021-11-29,436.53,427.41,1.00,0.00,71.86,0.00,31302.44,29542.31
2021-11-30,436.41,427.73,1.00,0.00,71.86,0.00,30693.37,28967.49
2021-12-01,435.18,427.70,1.00,0.00,71.86,0.00,30352.45,28645.74
2021-12-02,433.47,427.50,1.00,0.00,71.86,0.00,30817.34,29084.49
2021-12-03,432.86,427.55,1.00,0.00,71.86,0.00,30549.18,28831.41
2021-12-06,431.83,427.46,1.00,0.00,71.86,0.00,30910.99,29172.87
2021-12-07,431.61,427.56,1.00,0.00,71.86,0.00,31550.38,29776.31
2021-12-08,432.60,428.01,1.00,0.00,71.86,0.00,31633.93,29855.16
2021-12-09,433.62,428.49,1.00,0.00,71.86,0.00,31420.35,29653.59
2021-12-10,434.11,428.84,1.00,0.00,71.86,0.00,31716.12,29932.73
2021-12-13,435.08,429.33,1.00,0.00,71.86,0.00,31435.17,29667.58
2021-12-14,435.39,429.65,1.00,0.00,71.86,0.00,31218.89,29463.46
2021-12-15,435.27,429.84,1.00,0.00,71.86,0.00,31706.69,29923.83
2021-12-16,436.07,430.28,1.00,0.00,71.86,0.00,31427.08,29659.95
2021-12-17,436.24,430.56,1.00,0.00,71.86,0.00,31092.61,29344.28
2021-12-20,435.77,430.65,1.00,0.00,71.86,0.00,30761.99,29032.25
2021-12-21,434.74,430.55,1.00,0.00,71.86,0.00,31308.29,29547.83
2021-12-22,434.87,430.75,1.00,0.00,71.86,0.00,31621.33,29843.27
2021-12-23,435.56,431.11,1.00,0.00,71.86,0.00,31818.08,30028.96
2021-12-27,436.53,431.57,1.00,0.00,71.86,0.00,32268.37,30453.93
2021-12-28,438.20,432.26,1.00,0.00,71.86,0.00,32242.01,30429.05
2021-12-29,439.60,432.90,1.00,0.00,71.86,0.00,32283.25,30467.97
2021-12-30,440.89,433.54,1.00,0.00,71.86,0.00,32194.00,30383.74
2021-12-31,441.84,434.11,1.00,0.00,71.86,0.00,32112.87,30307.17
2022-01-03,442.51,434.61,1.00,0.00,71.86,0.00,32298.80,30482.65
2022-01-04,443.44,435.20,1.00,0.00,71.86,0.00,32287.98,30472.43
2022-01-05,444.23,435.75,1.00,0.00,71.86,0.00,31667.98,29887.30
2022-01-06,443.76,435.94,1.00,0.00,71.86,0.00,31638.23,29859.22
2022-01-07,443.30,436.12,1.00,0.00,71.86,0.00,31513.16,29741.18
2022-01-10,442.67,436.21,1.00,0.00,71.86,0.00,31473.94,29704.17
2022-01-11,442.04,436.28,1.00,0.00,71.86,0.00,31760.61,29974.72
2022-01-12,442.04,436.51,1.00,0.00,71.86,0.00,31846.48,30055.76
2022-01-13,442.19,436.77,1.00,0.00,71.86,0.00,31407.68,29641.63
2022-01-14,441.51,436.78,1.00,0.00,71.86,0.00,31420.53,29653.76
2022-01-18,440.94,436.80,1.00,0.00,71.86,0.00,30864.08,29128.60
2022-01-19,439.42,436.51,1.00,0.00,71.86,0.00,30543.60,28826.14
2022-01-20,437.51,436.06,1.00,0.00,71.86,0.00,30205.55,28507.10
2022-01-21,435.22,435.45,0.90,-7.19,64.67,3012.51,29663.84,27947.48
2022-01-24,432.14,434.53,0.80,-7.01,57.67,5860.35,29725.54,28066.16
2022-01-25,429.70,433.72,0.70,-7.23,50.43,8807.30,29424.57,27723.51
2022-01-26,426.91,432.74,0.60,-7.43,43.00,11888.46,29424.16,27653.95
2022-01-27,424.36,431.77,0.50,-7.09,35.92,14810.81,29384.38,27517.40
2022-01-28,421.88,430.75,0.40,-7.00,28.92,17659.83,29685.29,28200.81
2022-01-31,421.08,430.16,0.30,-7.48,21.44,20766.18,29840.84,28708.73
2022-02-01,421.38,429.89,0.20,-7.36,14.08,23885.09,29886.44,28902.71
2022-02-02,422.02,429.75,0.10,-7.10,6.98,26928.21,29932.38,29183.48
2022-02-03,423.13,429.77,0.00,-6.98,0.00,29890.34,29890.34,28497.52
2022-02-04,422.74,429.40,0.00,0.00,0.00,29890.34,29890.34,28631.52
2022-02-07,422.67,429.11,0.00,-0.00,0.00,29890.34,29890.34,28539.64
2022-02-08,422.42,428.79,0.00,0.00,0.00,29890.34,29890.34,28774.45
2022-02-09,422.67,428.61,0.00,-0.00,0.00,29890.34,29890.34,29195.60
2022-02-10,423.72,428.69,0.00,0.00,0.00,29890.34,29890.34,28671.08
2022-02-11,423.59,428.46,0.00,0.00,0.00,29890.34,29890.34,28105.73
2022-02-14,422.37,427.91,0.00,0.00,0.00,29890.34,29890.34,28013.84
2022-02-15,421.13,427.32,0.00,-0.00,0.00,29890.34,29890.34,28465.62
2022-02-16,420.95,427.03,0.00,-0.00,0.00,29890.34,29890.34,28497.52
2022-02-17,420.85,426.76,0.00,0.00,0.00,29890.34,29890.34,27888.77
2022-02-18,419.57,426.15,0.00,0.00,0.00,29890.34,29890.34,27708.19
2022-02-22,418.10,425.46,0.00,0.00,0.00,29890.34,29890.34,27410.84
2022-02-23,416.25,424.63,0.00,-0.00,0.00,29890.34,29890.34,26924.60
2022-02-24,413.68,423.55,0.00,0.00,0.00,29890.34,29890.34,27329.80
2022-02-25,412.26,422.74,0.00,-0.00,0.00,29890.34,29890.34,27932.81
2022-02-28,412.21,422.31,0.00,-0.00,0.00,29890.34,29890.34,27861.34
2022-03-01,412.03,421.86,0.00,-0.00,0.00,29890.34,29890.34,27437.00
2022-03-02,411.03,421.19,0.00,0.00,0.00,29890.34,29890.34,27941.74
2022-03-03,411.16,420.83,0.00,-0.00,0.00,29890.34,29890.34,27802.63
2022-03-04,411.00,420.40,0.00,0.00,0.00,29890.34,29890.34,27576.75
2022-03-07,410.42,419.86,0.00,0.00,0.00,29890.34,29890.34,26763.80
2022-03-08,408.32,418.87,0.00,0.00,0.00,29890.34,29890.34,26560.89
2022-03-09,406.10,417.80,0.00,-0.00,0.00,29890.34,29890.34,27273.01
2022-03-10,405.57,417.19,0.00,0.00,0.00,29890.34,29890.34,27149.86
2022-03-11,404.88,416.53,0.00,-0.00,0.00,29890.34,29890.34,26804.64
2022-03-14,403.59,415.70,0.00,0.00,0.00,29890.34,29890.34,26608.75
2022-03-15,402.09,414.78,0.00,0.00,0.00,29890.34,29890.34,27193.89
2022-03-16,401.95,414.24,0.00,-0.00,0.00,29890.34,29890.34,27796.88
2022-03-17,403.01,414.07,0.00,-0.00,0.00,29890.34,29890.34,28144.65
2022-03-18,404.61,414.11,0.00,-0.00,0.00,29890.34,29890.34,28452.92
2022-03-21,406.60,414.32,0.00,-0.00,0.00,29890.34,29890.34,28444.59
2022-03-22,408.31,414.52,0.00,-0.00,0.00,29890.34,29890.34,28777.44
2022-03-23,410.45,414.91,0.00,-0.00,0.00,29890.34,29890.34,28406.83
2022-03-24,411.57,415.06,0.00,0.00,0.00,29890.34,29890.34,28835.04
2022-03-25,413.39,415.46,0.00,-0.00,0.00,29890.34,29890.34,28975.86
2022-03-28,415.24,415.92,0.00,-0.00,0.00,29890.34,29890.34,29181.97
2022-03-29,417.25,416.49,0.10,6.88,6.88,26901.31,29900.29,29542.97
2022-03-30,419.70,417.24,0.20,6.88,13.76,23913.94,29871.13,29360.55
2022-03-31,421.46,417.85,0.30,6.97,20.73,20902.42,29738.33,28908.65
2022-04-01,422.11,418.18,0.40,7.10,27.83,17862.60,29760.76,28990.58
2022-04-04,422.82,418.55,0.50,6.97,34.80,14883.14,29886.81,29238.93
2022-04-05,423.93,419.04,0.60,6.86,41.66,11933.97,29670.15,28869.61
2022-04-06,424.17,419.30,0.70,7.31,48.97,8852.21,29490.25,28580.93
2022-04-07,423.81,419.39,0.80,7.04,56.01,5889.45,29615.39,28724.95
2022-04-08,423.77,419.55,0.90,6.93,62.95,2957.31,29549.33,28648.14
2022-04-11,423.60,419.66,1.00,7.06,70.00,0.00,29066.92,28158.48
2022-04-12,422.48,419.49,1.00,0.00,70.00,0.00,28959.21,28054.14
2022-04-13,421.30,419.26,1.00,0.00,70.00,0.00,29290.90,28375.47
2022-04-14,420.92,419.23,1.00,0.00,70.00,0.00,28926.17,28022.14
2022-04-18,419.89,418.99,1.00,0.00,70.00,0.00,28938.07,28033.66
2022-04-19,419.02,418.77,1.00,0.00,70.00,0.00,29405.20,28486.19
2022-04-20,419.16,418.82,1.00,0.00,70.00,0.00,29383.40,28465.08
2022-04-21,419.24,418.86,1.00,0.00,70.00,0.00,28944.01,28039.42
2022-04-22,418.47,418.65,0.90,-7.00,63.00,2886.80,28221.63,27270.04
2022-04-25,416.29,418.00,0.80,-6.83,56.18,5616.14,28337.33,27428.14
2022-04-26,414.71,417.47,0.70,-7.07,49.11,8458.57,27744.26,26633.81
2022-04-27,411.78,416.50,0.60,-6.76,42.35,11118.84,27798.29,26708.69
2022-04-28,409.38,415.61,0.50,-7.23,35.12,13999.48,28181.95,27383.34
2022-04-29,408.64,415.14,0.40,-7.07,28.06,16825.23,27735.15,26371.37
2022-05-02,406.00,414.11,0.30,-6.66,21.39,19415.90,27785.67,26530.11
2022-05-03,404.03,413.22,0.20,-7.20,14.19,22237.10,27814.72,26651.73
2022-05-04,402.56,412.42,0.10,-7.12,7.07,25041.69,27904.02,27463.35
2022-05-05,402.88,412.13,0.00,-7.07,0.00,27873.93,27873.93,26487.23
2022-05-06,401.24,411.28,0.00,0.00,0.00,27873.93,27873.93,26329.12
2022-05-09,399.50,410.38,0.00,0.00,0.00,27873.93,27873.93,25486.14
2022-05-10,396.35,409.02,0.00,0.00,0.00,27873.93,27873.93,25545.02
2022-05-11,393.72,407.76,0.00,0.00,0.00,27873.93,27873.93,25139.21
2022-05-12,390.65,406.30,0.00,0.00,0.00,27873.93,27873.93,25112.96
2022-05-13,387.94,404.89,0.00,-0.00,0.00,27873.93,27873.93,25713.36
2022-05-16,386.77,403.88,0.00,-0.00,0.00,27873.93,27873.93,25609.03
2022-05-17,385.55,402.85,0.00,-0.00,0.00,27873.93,27873.93,26135.82
2022-05-18,385.53,402.17,0.00,0.00,0.00,27873.93,27873.93,25082.25
2022-05-19,383.44,400.90,0.00,0.00,0.00,27873.93,27873.93,24928.62
2022-05-20,381.33,399.59,0.00,-0.00,0.00,27873.93,27873.93,24939.50
2022-05-23,379.51,398.35,0.00,0.00,0.00,27873.93,27873.93,25406.12
2022-05-24,378.86,397.42,0.00,0.00,0.00,27873.93,27873.93,25212.18
2022-05-25,377.92,396.41,0.00,0.00,0.00,27873.93,27873.93,25434.93
2022-05-26,377.54,395.57,0.00,-0.00,0.00,27873.93,27873.93,25943.15
2022-05-27,378.20,395.06,0.00,-0.00,0.00,27873.93,27873.93,26580.03
2022-05-31,380.04,394.94,0.00,-0.00,0.00,27873.93,27873.93,26430.90
2022-06-01,381.33,394.74,0.00,-0.00,0.00,27873.93,27873.93,26217.11
2022-06-02,382.03,394.42,0.00,0.00,0.00,27873.93,27873.93,26716.37
2022-06-03,383.62,394.40,0.00,-0.00,0.00,27873.93,27873.93,26277.92
2022-06-06,384.14,394.13,0.00,-0.00,0.00,27873.93,27873.93,26357.93
2022-06-07,384.74,393.91,0.00,0.00,0.00,27873.93,27873.93,26610.76
2022-06-08,385.76,393.85,0.00,-0.00,0.00,27873.93,27873.93,26321.44
2022-06-09,386.08,393.63,0.00,0.00,0.00,27873.93,27873.93,25695.44
2022-06-10,385.12,393.05,0.00,0.00,0.00,27873.93,27873.93,24950.38
2022-06-13,382.82,392.06,0.00,0.00,0.00,27873.93,27873.93,24003.07
2022-06-14,378.97,390.57,0.00,0.00,0.00,27873.93,27873.93,23930.73
2022-06-15,375.49,389.09,0.00,-0.00,0.00,27873.93,27873.93,24271.90
2022-06-16,373.15,387.87,0.00,0.00,0.00,27873.93,27873.93,23468.60
2022-06-17,369.54,386.23,0.00,0.00,0.00,27873.93,27873.93,23519.19
2022-06-21,366.51,384.68,0.00,-0.00,0.00,27873.93,27873.93,24111.25
2022-06-22,365.04,383.54,0.00,0.00,0.00,27873.93,27873.93,24067.54
2022-06-23,363.69,382.42,0.00,-0.00,0.00,27873.93,27873.93,24303.47
2022-06-24,362.98,381.47,0.00,-0.00,0.00,27873.93,27873.93,25076.16
2022-06-27,363.88,381.01,0.00,-0.00,0.00,27873.93,27873.93,24980.38
2022-06-28,364.48,380.52,0.00,0.00,0.00,27873.93,27873.93,24469.96
2022-06-29,363.99,379.75,0.00,0.00,0.00,27873.93,27873.93,24450.03
2022-06-30,363.53,378.99,0.00,0.00,0.00,27873.93,27873.93,24251.39
2022-07-01,362.74,378.15,0.00,-0.00,0.00,27873.93,27873.93,24507.89
2022-07-05,362.56,377.50,0.00,0.00,0.00,27873.93,27873.93,24554.17
2022-07-06,362.49,376.89,0.00,-0.00,0.00,27873.93,27873.93,24637.10
2022-07-07,362.60,376.36,0.00,-0.00,0.00,27873.93,27873.93,25006.09
2022-07-08,363.42,376.06,0.00,-0.00,0.00,27873.93,27873.93,24985.52
2022-07-11,364.09,375.76,0.00,0.00,0.00,27873.93,27873.93,24700.10
2022-07-12,364.10,375.31,0.00,0.00,0.00,27873.93,27873.93,24481.53
2022-07-13,363.69,374.75,0.00,0.00,0.00,27873.93,27873.93,24352.96
2022-07-14,363.08,374.13,0.00,0.00,0.00,27873.93,27873.93,24293.82
2022-07-15,362.43,373.51,0.00,-0.00,0.00,27873.93,27873.93,24757.96
2022-07-18,362.78,373.18,0.00,-0.00,0.00,27873.93,27873.93,24553.54
2022-07-19,362.69,372.74,0.00,0.00,0.00,27873.93,27873.93,25216.95
2022-07-20,363.91,372.71,0.00,-0.00,0.00,27873.93,27873.93,25377.66
2022-07-21,365.28,372.76,0.00,-0.00,0.00,27873.93,27873.93,25636.09
2022-07-22,366.98,372.97,0.00,-0.00,0.00,27873.93,27873.93,25398.23
2022-07-25,367.98,373.03,0.00,0.00,0.00,27873.93,27873.93,25429.09
2022-07-26,368.92,373.11,0.00,0.00,0.00,27873.93,27873.93,25128.24
2022-07-27,369.13,373.01,0.00,-0.00,0.00,27873.93,27873.93,25780.72
2022-07-28,370.60,373.29,0.00,-0.00,0.00,27873.93,27873.93,26104.08
2022-07-29,372.51,373.74,0.00,-0.00,0.00,27873.93,27873.93,26484.65
2022-08-01,374.91,374.40,0.10,7.19,7.19,25086.54,27884.97,26406.22
2022-08-02,376.84,374.99,0.20,7.19,14.37,22298.98,27859.28,26232.01
2022-08-03,378.17,375.45,0.30,7.14,21.51,19522.86,27974.43,26642.78
2022-08-04,380.13,376.13,0.40,6.97,28.49,16783.68,27967.40,26624.79
2022-08-05,381.79,376.78,0.50,7.37,35.85,13922.81,27975.11,26579.78
2022-08-08,383.14,377.37,0.60,6.88,42.73,11214.24,27944.05,26548.92
2022-08-09,384.26,377.93,0.70,7.27,50.00,8373.86,27871.62,26443.50
2022-08-10,385.01,378.40,0.80,6.87,56.88,5644.76,28289.04,26998.92
2022-08-11,386.76,379.17,0.90,6.98,63.86,2845.08,28269.18,26998.92
2022-08-12,388.27,379.91,1.00,7.11,70.97,0.00,28733.77,27455.99
2022-08-15,390.48,380.89,1.00,0.00,70.97,0.00,28852.17,27569.12
2022-08-16,392.62,381.90,1.00,-0.00,70.97,0.00,28908.69,27623.12
2022-08-17,394.58,382.90,1.00,0.00,70.97,0.00,28703.49,27427.06
2022-08-18,395.90,383.74,1.00,0.00,70.97,0.00,28786.91,27506.77
2022-08-19,397.19,384.60,1.00,-0.00,70.97,0.00,28400.08,27137.13
2022-08-22,397.59,385.21,1.00,0.00,70.97,0.00,27808.71,26572.07
2022-08-23,396.82,385.47,1.00,0.00,70.97,0.00,27741.44,26507.78
2022-08-24,396.02,385.68,1.00,-0.00,70.97,0.00,27830.25,26592.64
2022-08-25,395.51,385.93,1.00,0.00,70.97,0.00,28223.14,26968.06
2022-08-26,395.79,386.39,1.00,0.00,70.97,0.00,27267.81,26055.22
2022-08-29,394.25,386.31,1.00,-0.00,70.97,0.00,27087.52,25882.94
2022-08-30,392.57,386.12,1.00,0.00,70.97,0.00,26790.15,25598.80
2022-08-31,390.56,385.78,1.00,-0.00,70.97,0.00,26586.30,25404.01
2022-09-01,388.43,385.35,1.00,0.00,70.97,0.00,26669.72,25483.73
2022-09-02,386.74,384.97,1.00,-0.00,70.97,0.00,26388.51,25215.02
2022-09-06,384.75,384.45,1.00,0.00,70.97,0.00,26288.94,25119.88
2022-09-07,382.84,383.90,0.90,-7.10,63.88,2626.67,26711.77,25571.15
2022-09-08,382.07,383.64,0.80,-7.17,56.71,5313.41,26835.29,25738.30
2022-09-09,381.73,383.47,0.70,-7.27,49.44,8088.64,27143.04,26138.14
2022-09-12,382.22,383.55,0.60,-7.25,42.19,10898.08,27332.78,26419.07
2022-09-13,383.20,383.79,0.50,-6.79,35.40,13483.63,26674.33,25270.31
2022-09-14,381.79,383.35,0.40,-6.82,28.58,16032.18,26723.82,25366.73
2022-09-15,380.76,382.98,0.30,-7.10,21.49,18675.57,26621.54,25078.74
2022-09-16,379.30,382.47,0.20,-6.97,14.51,21225.51,26551.50,24887.41
2022-09-19,377.66,381.86,0.10,-7.23,7.29,23855.32,26549.53,25080.41
2022-09-20,376.61,381.39,0.00,-7.29,0.00,26525.33,26525.33,24792.52
2022-09-21,375.14,380.77,0.00,-0.00,0.00,26525.33,26525.33,24360.05
2022-09-22,373.02,379.92,0.00,0.00,0.00,26525.33,26525.33,24155.43
2022-09-23,370.77,378.99,0.00,0.00,0.00,26525.33,26525.33,23750.71
2022-09-26,368.03,377.86,0.00,0.00,0.00,26525.33,26525.33,23515.75
2022-09-27,365.20,376.64,0.00,-0.00,0.00,26525.33,26525.33,23455.72
2022-09-28,362.62,375.44,0.00,0.00,0.00,26525.33,26525.33,23917.25
2022-09-29,361.29,374.54,0.00,-0.00,0.00,26525.33,26525.33,23417.64
2022-09-30,359.16,373.40,0.00,0.00,0.00,26525.33,26525.33,23055.52
2022-10-03,356.60,372.09,0.00,0.00,0.00,26525.33,26525.33,23664.21
2022-10-04,355.58,371.18,0.00,-0.00,0.00,26525.33,26525.33,24397.49
2022-10-05,356.14,370.73,0.00,-0.00,0.00,26525.33,26525.33,24340.69
2022-10-06,356.51,370.27,0.00,-0.00,0.00,26525.33,26525.33,24089.59
2022-10-07,356.34,369.68,0.00,0.00,0.00,26525.33,26525.33,23417.64
2022-10-10,354.87,368.72,0.00,0.00,0.00,26525.33,26525.33,23238.84
2022-10-11,353.24,367.70,0.00,0.00,0.00,26525.33,26525.33,23091.66
2022-10-12,351.54,366.63,0.00,0.00,0.00,26525.33,26525.33,23015.50
2022-10-13,349.92,365.56,0.00,0.00,0.00,26525.33,26525.33,23622.90
2022-10-14,349.71,364.89,0.00,-0.00,0.00,26525.33,26525.33,23084.57
2022-10-17,348.47,363.93,0.00,0.00,0.00,26525.33,26525.33,23677.77
2022-10-18,348.56,363.35,0.00,-0.00,0.00,26525.33,26525.33,23955.98
2022-10-19,349.18,362.95,0.00,0.00,0.00,26525.33,26525.33,23786.21
2022-10-20,349.39,362.47,0.00,0.00,0.00,26525.33,26525.33,23586.76
2022-10-21,349.18,361.90,0.00,0.00,0.00,26525.33,26525.33,24159.96
2022-10-24,350.12,361.68,0.00,-0.00,0.00,26525.33,26525.33,24455.58
2022-10-25,351.52,361.64,0.00,-0.00,0.00,26525.33,26525.33,24846.10
2022-10-26,353.50,361.82,0.00,-0.00,0.00,26525.33,26525.33,24658.92
2022-10-27,354.85,361.89,0.00,-0.00,0.00,26525.33,26525.33,24527.23
2022-10-28,355.76,361.88,0.00,0.00,0.00,26525.33,26525.33,25110.75
2022-10-31,357.69,362.21,0.00,-0.00,0.00,26525.33,26525.33,24929.37
2022-11-01,359.01,362.42,0.00,-0.00,0.00,26525.33,26525.33,24820.28
2022-11-02,359.95,362.56,0.00,0.00,0.00,26525.33,26525.33,24197.39
2022-11-03,359.53,362.34,0.00,0.00,0.00,26525.33,26525.33,23948.23
2022-11-04,358.67,361.98,0.00,-0.00,0.00,26525.33,26525.33,24292.92
2022-11-07,358.61,361.83,0.00,-0.00,0.00,26525.33,26525.33,24525.30
2022-11-08,359.02,361.82,0.00,-0.00,0.00,26525.33,26525.33,24657.62
2022-11-09,359.63,361.89,0.00,0.00,0.00,26525.33,26525.33,24149.63
2022-11-10,359.16,361.66,0.00,-0.00,0.00,26525.33,26525.33,25476.75
2022-11-11,361.36,362.21,0.00,-0.00,0.00,26525.33,26525.33,25723.32
2022-11-14,363.75,362.88,0.10,7.03,7.03,23872.79,26515.03,25504.50
2022-11-15,365.40,363.40,0.20,6.88,13.91,21244.28,26520.14,25722.03
2022-11-16,367.25,364.02,0.30,7.14,21.05,18548.25,26470.85,25525.80
2022-11-17,368.47,364.51,0.40,7.33,28.38,15822.53,26472.99,25447.69
2022-11-18,369.37,364.93,0.50,6.71,35.09,13283.77,26510.44,25563.24
2022-11-21,370.38,365.40,0.60,7.18,42.27,10585.61,26462.00,25470.29
2022-11-22,371.07,365.80,0.70,6.95,49.22,7963.22,26697.27,25813.04
2022-11-23,372.35,366.38,0.80,6.91,56.13,5336.17,26834.20,25975.71
2022-11-25,373.77,367.03,0.90,6.94,63.07,2680.27,26832.69,25969.89
2022-11-28,374.99,367.66,1.00,7.06,70.13,0.00,26425.93,25555.49
2022-11-29,375.24,368.02,1.00,0.00,70.13,0.00,26380.55,25511.60
2022-11-30,375.37,368.34,1.00,0.00,70.13,0.00,27211.55,26315.23
2022-12-01,377.06,369.11,1.00,0.00,70.13,0.00,27191.53,26295.87
2022-12-02,378.48,369.84,1.00,0.00,70.13,0.00,27160.16,26265.53
2022-12-05,379.66,370.53,1.00,0.00,70.13,0.00,26671.56,25793.03
2022-12-06,379.75,370.91,1.00,0.00,70.13,0.00,26287.10,25421.23
2022-12-07,379.09,371.07,1.00,0.00,70.13,0.00,26242.38,25377.98
2022-12-08,378.44,371.19,1.00,0.00,70.13,0.00,26447.96,25576.79
2022-12-09,378.27,371.42,1.00,0.00,70.13,0.00,26250.39,25385.73
2022-12-12,377.75,371.54,1.00,0.00,70.13,0.00,26628.85,25751.73
2022-12-13,378.01,371.86,1.00,0.00,70.13,0.00,26830.43,25946.66
2022-12-14,378.62,372.28,1.00,0.00,70.13,0.00,26658.88,25780.77
2022-12-15,378.83,372.59,1.00,0.00,70.13,0.00,26006.76,25150.13
2022-12-16,377.76,372.52,1.00,0.00,70.13,0.00,25699.72,24853.20
2022-12-19,376.26,372.28,1.00,0.00,70.13,0.00,25481.80,24642.46
2022-12-20,374.54,371.93,1.00,0.00,70.13,0.00,25516.67,24676.18
2022-12-21,373.12,371.62,1.00,0.00,70.13,0.00,25898.21,25045.15
2022-12-22,372.61,371.53,1.00,0.00,70.13,0.00,25528.73,24687.85
2022-12-23,371.47,371.23,1.00,0.00,70.13,0.00,25675.59,24829.86
2022-12-27,370.75,371.03,0.90,-7.01,63.11,2566.75,25583.65,24731.94
2022-12-28,369.95,370.78,0.80,-6.99,56.12,5115.89,25328.82,24424.58
2022-12-29,368.64,370.37,0.70,-6.97,49.15,7646.46,25667.26,24864.23
2022-12-30,368.37,370.22,0.60,-7.06,42.10,10214.27,25607.72,24798.73
2023-01-03,368.01,370.04,0.50,-7.15,34.94,12842.90,25567.19,24694.33
2023-01-04,367.50,369.81,0.40,-6.95,28.00,15387.63,25661.57,24884.98
2023-01-05,367.42,369.70,0.30,-6.95,21.05,17924.87,25559.87,24600.95
2023-01-06,366.80,369.43,0.20,-7.04,14.01,20499.90,25698.14,25165.11
2023-01-09,367.37,369.49,0.10,-7.12,6.89,23155.93,25712.27,25150.84
2023-01-10,367.84,369.55,0.00,-6.89,0.00,25708.25,25708.25,25327.22
2023-01-11,368.59,369.70,0.00,-0.00,0.00,25708.25,25708.25,25647.56
2023-01-12,369.87,370.03,0.00,-0.00,0.00,25708.25,25708.25,25740.93
2023-01-13,371.16,370.41,0.10,6.83,6.83,23137.42,25740.12,25840.79
2023-01-17,372.48,370.82,0.20,6.68,13.51,20591.99,25730.82,25793.46
2023-01-18,373.53,371.20,0.30,6.73,20.25,18022.79,25601.27,25386.23
2023-01-19,373.63,371.32,0.40,7.22,27.46,15336.02,25541.13,25201.42
2023-01-20,373.36,371.33,0.50,6.83,34.29,12789.73,25768.97,25670.90
2023-01-23,374.05,371.61,0.60,6.51,40.80,10318.60,25949.05,25978.91
2023-01-24,375.26,372.06,0.70,6.70,47.50,7764.23,25940.73,25951.03
2023-01-25,376.24,372.48,0.80,6.91,54.41,5149.54,25976.60,25960.75
2023-01-26,377.12,372.88,0.90,6.58,60.99,2612.12,26215.69,26246.08
2023-01-27,378.44,373.44,1.00,6.77,67.76,0.00,26283.00,26306.38
2023-01-30,379.70,374.01,1.00,0.00,67.76,0.00,25953.23,25976.32
2023-01-31,380.15,374.36,1.00,0.00,67.76,0.00,26334.83,26358.26
2023-02-01,381.28,374.92,1.00,0.00,67.76,0.00,26614.71,26638.39
2023-02-02,382.82,375.62,1.00,0.00,67.76,0.00,27002.14,27026.17
2023-02-03,384.91,376.52,1.00,0.00,67.76,0.00,26715.13,26738.90
2023-02-06,386.16,377.22,1.00,0.00,67.76,0.00,26551.87,26575.49
2023-02-07,386.92,377.79,1.00,0.00,67.76,0.00,26899.13,26923.06
2023-02-08,388.27,378.54,1.00,0.00,67.76,-0.00,26604.99,26628.66
2023-02-09,388.85,379.10,1.00,0.00,67.76,-0.00,26374.35,26397.82
2023-02-10,388.91,379.50,1.00,-0.00,67.76,0.00,26435.90,26459.42
2023-02-13,389.07,379.91,1.00,0.00,67.76,0.00,26746.23,26770.03
2023-02-14,389.83,380.50,1.00,0.00,67.76,0.00,26733.92,26757.70
2023-02-15,390.46,381.05,1.00,0.00,67.76,0.00,26820.74,26844.60
2023-02-16,391.18,381.63,1.00,0.00,67.76,0.00,26451.45,26474.98
2023-02-17,391.07,381.97,1.00,0.00,67.76,0.00,26385.37,26408.84
2023-02-21,390.85,382.26,1.00,0.00,67.76,0.00,25856.05,25879.06
2023-02-22,389.62,382.24,1.00,0.00,67.76,0.00,25820.42,25843.39
2023-02-23,388.48,382.19,1.00,0.00,67.76,0.00,25957.77,25980.86
2023-02-24,387.76,382.23,1.00,0.00,67.76,0.00,25680.47,25703.32
2023-02-27,386.60,382.10,1.00,0.00,67.76,0.00,25767.94,25790.86
2023-02-28,385.76,382.03,1.00,0.00,67.76,0.00,25672.70,25695.54
2023-03-01,384.84,381.91,1.00,0.00,67.76,0.00,25574.22,25596.98
2023-03-02,383.86,381.73,1.00,0.00,67.76,0.00,25773.12,25796.05
2023-03-03,383.39,381.68,1.00,0.00,67.76,0.00,26186.47,26209.76
2023-03-06,383.80,381.87,1.00,0.00,67.76,0.00,26204.61,26227.92
2023-03-07,384.20,382.06,1.00,0.00,67.76,0.00,25802.93,25825.88
2023-03-08,383.75,382.01,1.00,0.00,67.76,0.00,25845.04,25868.03
2023-03-09,383.44,381.99,1.00,0.00,67.76,0.00,25368.20,25390.77
2023-03-10,382.23,381.69,1.00,0.00,67.76,0.00,25002.15,25024.39
2023-03-13,380.47,381.19,0.90,-6.78,60.98,2473.65,24943.51,24988.72
2023-03-14,378.87,380.69,0.80,-6.90,54.08,5048.64,25306.83,25401.79
2023-03-15,378.30,380.45,0.70,-6.65,47.44,7501.45,25158.58,25242.92
2023-03-16,377.49,380.13,0.60,-6.81,40.63,10018.80,25407.92,25685.81
2023-03-17,377.66,380.08,0.50,-7.04,33.59,12676.97,25249.82,25385.47
2023-03-20,377.21,379.85,0.40,-6.63,26.95,15165.56,25351.99,25629.58
2023-03-21,377.31,379.78,0.30,-6.94,20.02,17809.78,25474.63,25966.10
2023-03-22,378.05,379.90,0.20,-6.71,13.31,20376.94,25386.59,25523.47
2023-03-23,377.83,379.76,0.10,-6.61,6.70,22882.20,25412.31,25592.47
2023-03-24,377.77,379.67,0.00,-6.70,0.00,25403.75,25403.75,25760.41
2023-03-27,378.04,379.67,0.00,-0.00,0.00,25403.75,25403.75,25808.58
2023-03-28,378.38,379.71,0.00,0.00,0.00,25403.75,25403.75,25750.64
2023-03-29,378.56,379.71,0.00,-0.00,0.00,25403.75,25403.75,26124.93
2023-03-30,379.45,379.92,0.00,-0.00,0.00,25403.75,25403.75,26277.90
2023-03-31,380.52,380.22,0.10,6.54,6.54,22863.38,25433.45,26648.28
2023-04-03,382.18,380.72,0.20,6.42,12.96,20344.04,25456.18,26749.82
2023-04-04,383.81,381.26,0.30,6.38,19.34,17825.16,25409.76,26601.40
2023-04-05,384.94,381.69,0.40,6.61,25.95,15237.39,25387.94,26531.76
2023-04-06,385.78,382.06,0.50,6.54,32.49,12683.64,25442.73,26635.26
2023-04-10,386.71,382.48,0.60,6.50,38.99,10144.91,25474.55,26662.59
2023-04-11,387.57,382.90,0.70,6.34,45.33,7649.66,25475.39,26669.75
2023-04-12,388.33,383.31,0.80,6.41,51.74,5113.79,25379.21,26561.05
2023-04-13,388.77,383.64,0.90,6.54,58.29,2543.53,25675.34,26913.85
2023-04-14,389.85,384.15,1.00,6.42,64.71,0.00,25616.68,26848.11
2023-04-17,390.66,384.61,1.00,0.00,64.71,0.00,25708.59,26944.45
2023-04-18,391.54,385.11,1.00,0.00,64.71,0.00,25725.36,26962.02
2023-04-19,392.35,385.60,1.00,0.00,64.71,0.00,25721.02,26957.47
2023-04-20,393.03,386.07,1.00,0.00,64.71,0.00,25580.66,26810.36
2023-04-21,393.34,386.43,1.00,0.00,64.71,0.00,25600.53,26831.18
2023-04-24,393.65,386.79,1.00,0.00,64.71,0.00,25627.24,26859.18
2023-04-25,393.97,387.16,1.00,0.00,64.71,0.00,25220.43,26432.82
2023-04-26,393.41,387.26,1.00,0.00,64.71,0.00,25113.61,26320.86
2023-04-27,392.70,387.29,1.00,0.00,64.71,0.00,25613.57,26844.85
2023-04-28,393.12,387.63,1.00,0.00,64.71,0.00,25832.19,27073.98
2023-05-01,393.94,388.08,1.00,0.00,64.71,0.00,25806.10,27046.64
2023-05-02,394.59,388.50,1.00,0.00,64.71,0.00,25516.06,26742.66
2023-05-03,394.55,388.73,1.00,0.00,64.71,0.00,25340.92,26559.10
2023-05-04,394.16,388.85,1.00,0.00,64.71,0.00,25161.44,26370.98
2023-05-05,393.46,388.85,1.00,0.00,64.71,0.00,25627.24,26859.18
2023-05-08,393.80,389.13,1.00,0.00,64.71,0.00,25634.07,26866.33
2023-05-09,394.12,389.40,1.00,0.00,64.71,0.00,25521.65,26748.52
2023-05-10,394.16,389.60,1.00,0.00,64.71,0.00,25640.90,26873.50
2023-05-11,394.44,389.86,1.00,0.00,64.71,0.00,25596.18,26826.63
2023-05-12,394.59,390.09,1.00,0.00,64.71,0.00,25562.64,26791.48
2023-05-15,394.65,390.28,1.00,0.00,64.71,0.00,25650.84,26883.91
2023-05-16,394.89,390.52,1.00,0.00,64.71,0.00,25479.42,26704.25
2023-05-17,394.74,390.65,1.00,0.00,64.71,0.00,25788.71,27028.41
2023-05-18,395.25,390.96,1.00,0.00,64.71,0.00,26037.14,27288.79
2023-05-19,396.20,391.41,1.00,0.00,64.71,0.00,25999.25,27249.08
2023-05-22,396.95,391.82,1.00,0.00,64.71,0.00,26009.82,27260.15
2023-05-23,397.62,392.21,1.00,0.00,64.71,0.00,25717.91,26954.21
2023-05-24,397.60,392.42,1.00,0.00,64.71,0.00,25531.59,26758.93
2023-05-25,397.19,392.50,1.00,0.00,64.71,0.00,25752.69,26990.66
2023-05-26,397.30,392.72,1.00,0.00,64.71,0.00,26086.21,27340.21
2023-05-30,398.08,393.13,1.00,0.00,64.71,0.00,26096.14,27350.62
2023-05-31,398.78,393.53,1.00,0.00,64.71,0.00,25951.44,27198.96
2023-06-01,399.08,393.82,1.00,0.00,64.71,0.00,26197.99,27457.37
2023-06-02,399.85,394.26,1.00,0.00,64.71,0.00,26576.85,27854.44
2023-06-05,401.30,394.90,1.00,0.00,64.71,0.00,26525.92,27801.06
2023-06-06,402.46,395.49,1.00,0.00,64.71,0.00,26583.68,27861.60
2023-06-07,403.57,396.09,1.00,0.00,64.71,0.00,26491.76,27765.26
2023-06-08,404.35,396.62,1.00,0.00,64.71,0.00,26652.00,27933.20
2023-06-09,405.36,397.22,1.00,0.00,64.71,0.00,26699.82,27983.32
2023-06-12,406.33,397.82,1.00,0.00,64.71,0.00,26942.04,28237.18
2023-06-13,407.67,398.55,1.00,0.00,64.71,0.00,27119.67,28423.36
2023-06-14,409.20,399.35,1.00,0.00,64.71,0.00,27151.96,28457.20
2023-06-15,410.59,400.15,1.00,0.00,64.71,0.00,27488.58,28810.00
2023-06-16,412.48,401.12,1.00,0.00,64.71,0.00,27394.95,28711.86
2023-06-20,413.94,401.99,1.00,0.00,64.71,0.00,27252.82,28562.90
2023-06-21,414.90,402.74,1.00,0.00,64.71,0.00,27113.19,28416.56
2023-06-22,415.45,403.38,1.00,0.00,64.71,0.00,27211.06,28519.13
2023-06-23,416.13,404.05,1.00,0.00,64.71,0.00,27005.34,28303.53
2023-06-26,416.29,404.58,1.00,0.00,64.71,0.00,26895.00,28187.88
2023-06-27,416.21,405.01,1.00,0.00,64.71,0.00,27189.86,28496.92
2023-06-28,416.74,405.61,1.00,0.00,64.71,0.00,27203.58,28511.29
2023-06-29,417.23,406.19,1.00,0.00,64.71,0.00,27310.80,28623.67
2023-06-30,417.88,406.81,1.00,0.00,64.71,0.00,27633.09,28961.45
2023-07-03,419.10,407.60,1.00,0.00,64.71,0.00,27664.88,28994.77
2023-07-05,420.23,408.39,1.00,0.00,64.71,0.00,27623.73,28951.64
2023-07-06,421.12,409.11,1.00,0.00,64.71,0.00,27407.42,28724.94
2023-07-07,421.44,409.68,1.00,0.00,64.71,0.00,27338.22,28652.41
2023-07-10,421.58,410.18,1.00,0.00,64.71,0.00,27407.42,28724.94
2023-07-11,421.85,410.71,1.00,0.00,64.71,0.00,27581.97,28907.87
2023-07-12,422.44,411.32,1.00,0.00,64.71,0.00,27803.88,29140.46
2023-07-13,423.41,412.04,1.00,0.00,64.71,0.00,28024.56,29371.75
2023-07-14,424.70,412.86,1.00,0.00,64.71,0.00,28007.11,29353.45
2023-07-17,425.78,413.65,1.00,0.00,64.71,0.00,28104.35,29455.37
2023-07-18,426.92,414.46,1.00,0.00,64.71,0.00,28313.19,29674.25
2023-07-19,428.34,415.36,1.00,0.00,64.71,0.00,28376.15,29740.23
2023-07-20,429.70,416.27,1.00,0.00,64.71,0.00,28187.89,29542.92
2023-07-21,430.49,417.03,1.00,0.00,64.71,0.00,28187.89,29542.92
2023-07-24,431.18,417.76,1.00,0.00,64.71,0.00,28313.81,29674.90
2023-07-25,432.03,418.54,1.00,0.00,64.71,0.00,28391.11,29755.91
2023-07-26,432.93,419.33,1.00,0.00,64.71,0.00,28395.47,29760.49
2023-07-27,433.72,420.10,1.00,0.00,64.71,0.00,28207.21,29563.17
2023-07-28,434.01,420.72,1.00,0.00,64.71,0.00,28483.37,29852.61
2023-07-31,434.84,421.48,1.00,0.00,64.71,0.00,28537.60,29909.45
2023-08-01,435.66,422.25,1.00,0.00,64.71,0.00,28455.94,29823.86
2023-08-02,436.21,422.94,1.00,0.00,64.71,0.00,28060.09,29408.99
2023-08-03,435.87,423.36,1.00,0.00,64.71,0.00,27979.68,29324.71
2023-08-04,435.41,423.71,1.00,0.00,64.71,0.00,27853.13,29192.07
2023-08-07,434.75,423.98,1.00,0.00,64.71,0.00,28096.25,29446.88
2023-08-08,434.68,424.38,1.00,0.00,64.71,0.00,27974.07,29318.83
2023-08-09,434.36,424.69,1.00,0.00,64.71,0.00,27787.06,29122.82
2023-08-10,433.71,424.87,1.00,0.00,64.71,0.00,27797.03,29133.27
2023-08-11,433.16,425.06,1.00,0.00,64.71,0.00,27780.82,29116.29
2023-08-14,432.65,425.23,1.00,0.00,64.71,0.00,27934.18,29277.01
2023-08-15,432.52,425.48,1.00,0.00,64.71,0.00,27608.77,28935.97
2023-08-16,431.74,425.53,1.00,0.00,64.71,0.00,27406.17,28723.63
2023-08-17,430.65,425.45,1.00,0.00,64.71,0.00,27197.34,28504.76
2023-08-18,429.27,425.25,1.00,0.00,64.71,0.00,27210.43,28518.48
2023-08-21,428.11,425.06,1.00,0.00,64.71,0.00,27387.47,28704.03
2023-08-22,427.46,424.99,1.00,0.00,64.71,0.00,27313.29,28626.28
2023-08-23,426.75,424.88,1.00,0.00,64.71,0.00,27617.49,28945.11
2023-08-24,426.76,424.96,1.00,0.00,64.71,0.00,27234.74,28543.96
2023-08-25,425.98,424.80,1.00,0.00,64.71,0.00,27426.74,28745.19
2023-08-28,425.69,424.76,1.00,0.00,64.71,0.00,27600.67,28927.47
2023-08-29,425.81,424.83,1.00,0.00,64.71,0.00,27999.63,29345.61
2023-08-30,426.73,425.14,1.00,0.00,64.71,0.00,28114.95,29466.48
2023-08-31,427.77,425.51,1.00,0.00,64.71,0.00,28073.81,29423.36
2023-09-01,428.58,425.84,1.00,0.00,64.71,0.00,28126.17,29478.24
2023-09-05,429.39,426.18,1.00,0.00,64.71,0.00,28004.62,29350.84
2023-09-06,429.85,426.44,1.00,0.00,64.71,0.00,27816.36,29153.53
2023-09-07,429.85,426.58,1.00,0.00,64.71,0.00,27730.95,29064.02
2023-09-08,429.68,426.65,1.00,0.00,64.71,0.00,27772.72,29107.79
2023-09-11,429.62,426.76,1.00,0.00,64.71,0.00,27955.37,29299.22
2023-09-12,429.94,426.96,1.00,0.00,64.71,0.00,27802.02,29138.50
2023-09-13,429.90,427.07,1.00,0.00,64.71,0.00,27834.43,29172.48
2023-09-14,429.94,427.19,1.00,0.00,64.71,0.00,28074.43,29424.01
2023-09-15,430.46,427.45,1.00,0.00,64.71,0.00,27736.18,29069.50
2023-09-18,430.22,427.50,1.00,0.00,64.71,0.00,27752.45,29086.55
2023-09-19,430.05,427.55,1.00,0.00,64.71,0.00,27694.89,29026.23
2023-09-20,429.77,427.57,1.00,0.00,64.71,0.00,27440.29,28759.39
2023-09-21,429.01,427.43,1.00,0.00,64.71,0.00,26986.74,28284.04
2023-09-22,427.42,427.03,1.00,0.00,64.71,0.00,26926.06,28220.44
2023-09-25,425.92,426.60,0.90,-6.47,58.24,2684.79,27020.15,28339.11
2023-09-26,424.84,426.26,0.80,-6.47,51.77,5368.67,26682.71,27922.77
2023-09-27,423.10,425.69,0.70,-6.43,45.34,8022.98,26697.68,27933.92
2023-09-28,421.60,425.15,0.60,-6.43,38.90,10669.08,26787.04,28095.86
2023-09-29,420.63,424.72,0.50,-6.67,32.23,13452.76,26774.94,28027.68
2023-10-02,419.65,424.27,0.40,-6.29,25.94,16048.88,26765.44,28016.53
2023-10-03,418.78,423.84,0.30,-6.44,19.50,18696.31,26643.61,27641.50
2023-10-04,417.29,423.20,0.20,-6.43,13.06,21322.12,26685.36,27842.78
2023-10-05,416.39,422.70,0.10,-6.56,6.50,24013.42,26682.46,27832.29
2023-10-06,415.59,422.22,0.00,-6.50,0.00,26666.55,26666.55,28162.74
2023-10-09,415.55,421.95,0.00,-0.00,0.00,26666.55,26666.55,28343.04
2023-10-10,415.87,421.79,0.00,-0.00,0.00,26666.55,26666.55,28490.57
2023-10-11,416.43,421.73,0.00,-0.00,0.00,26666.55,26666.55,28607.27
2023-10-12,417.15,421.73,0.00,-0.00,0.00,26666.55,26666.55,28432.87
2023-10-13,417.44,421.63,0.00,0.00,0.00,26666.55,26666.55,28291.25
2023-10-16,417.40,421.46,0.00,0.00,0.00,26666.55,26666.55,28588.91
2023-10-17,417.96,421.46,0.00,0.00,0.00,26666.55,26666.55,28587.60
2023-10-18,418.43,421.47,0.00,-0.00,0.00,26666.55,26666.55,28206.67
2023-10-19,418.10,421.25,0.00,0.00,0.00,26666.55,26666.55,27958.83
2023-10-20,417.32,420.90,0.00,0.00,0.00,26666.55,26666.55,27615.28
2023-10-23,415.97,420.36,0.00,0.00,0.00,26666.55,26666.55,27567.41
2023-10-24,414.71,419.82,0.00,-0.00,0.00,26666.55,26666.55,27775.25
2023-10-25,414.02,419.41,0.00,0.00,0.00,26666.55,26666.55,27376.61
2023-10-26,412.65,418.80,0.00,0.00,0.00,26666.55,26666.55,27048.79
2023-10-27,410.81,418.02,0.00,0.00,0.00,26666.55,26666.55,26926.18
2023-10-30,408.97,417.19,0.00,0.00,0.00,26666.55,26666.55,27248.11
2023-10-31,408.01,416.59,0.00,-0.00,0.00,26666.55,26666.55,27419.23
2023-11-01,407.52,416.11,0.00,-0.00,0.00,26666.55,26666.55,27711.66
2023-11-02,407.67,415.81,0.00,-0.00,0.00,26666.55,26666.55,28242.73
2023-11-03,408.84,415.84,0.00,-0.00,0.00,26666.55,26666.55,28500.40
2023-11-06,410.36,416.01,0.00,-0.00,0.00,26666.55,26666.55,28565.96
2023-11-07,411.81,416.22,0.00,-0.00,0.00,26666.55,26666.55,28647.27
2023-11-08,413.23,416.46,0.00,-0.00,0.00,26666.55,26666.55,28668.25
2023-11-09,414.49,416.71,0.00,-0.00,0.00,26666.55,26666.55,28444.67
2023-11-10,415.15,416.81,0.00,0.00,0.00,26666.55,26666.55,28888.54
2023-11-13,416.60,417.17,0.00,-0.00,0.00,26666.55,26666.55,28861.01
2023-11-14,417.79,417.50,0.10,6.18,6.18,23999.89,26680.95,29420.93
2023-11-15,419.93,418.14,0.20,6.09,12.27,21351.35,26684.09,29483.21
2023-11-16,421.91,418.79,0.30,6.16,18.43,18675.05,26696.63,29519.28
2023-11-17,423.69,419.44,0.40,6.10,24.53,16018.09,26709.86,29556.00
2023-11-20,425.31,420.08,0.50,6.12,30.65,13351.84,26814.23,29783.50
2023-11-21,427.16,420.83,0.60,6.02,36.68,10712.89,26785.42,29718.60
2023-11-22,428.63,421.51,0.70,6.05,42.72,8053.82,26847.70,29833.33
2023-11-24,430.14,422.23,0.80,6.10,48.82,5369.95,26860.62,29851.69
2023-11-27,431.48,422.94,0.90,6.11,54.94,2682.99,26820.92,29797.93
2023-11-28,432.53,423.58,1.00,6.11,61.05,0.00,26849.83,29827.43
2023-11-29,433.50,424.22,1.00,0.00,61.05,0.00,26830.95,29806.45
2023-11-30,434.30,424.82,1.00,0.00,61.05,0.00,26936.60,29923.81
2023-12-01,435.23,425.46,1.00,0.00,61.05,0.00,27095.95,30100.84
2023-12-04,436.38,426.19,1.00,-0.00,61.05,0.00,26953.71,29942.83
2023-12-05,437.07,426.79,1.00,0.00,61.05,0.00,26948.40,29936.92
2023-12-06,437.65,427.36,1.00,0.00,61.05,0.00,26839.81,29816.29
2023-12-07,437.92,427.84,1.00,0.00,61.05,0.00,27044.61,30043.80
2023-12-08,438.60,428.44,1.00,0.00,61.05,0.00,27160.87,30172.96
2023-12-11,439.44,429.09,1.00,0.00,61.05,0.00,27266.52,30290.32
2023-12-12,440.40,429.77,1.00,0.00,61.05,0.00,27391.05,30428.67
2023-12-13,441.51,430.52,1.00,-0.00,61.05,0.00,27768.77,30848.28
2023-12-14,443.29,431.47,1.00,0.00,61.05,0.00,27857.89,30947.28
2023-12-15,445.03,432.45,1.00,0.00,61.05,0.00,27812.03,30896.33
2023-12-18,446.44,433.35,1.00,-0.00,61.05,0.00,27968.47,31070.12
2023-12-19,448.00,434.33,1.00,0.00,61.05,0.00,28138.54,31259.05
2023-12-20,449.72,435.37,1.00,0.00,61.05,0.00,27748.62,30825.89
2023-12-21,450.37,436.12,1.00,0.00,61.05,0.00,28011.73,31118.18
2023-12-22,451.50,437.01,1.00,0.00,61.05,0.00,28068.03,31180.72
2023-12-26,452.60,437.91,1.00,0.00,61.05,0.00,28186.55,31312.38
2023-12-27,453.82,438.84,1.00,0.00,61.05,0.00,28237.51,31368.99
2023-12-28,454.98,439.77,1.00,0.00,61.05,0.00,28248.17,31380.84
2023-12-29,456.02,440.67,1.00,0.00,61.05,0.00,28166.40,31290.00
2024-01-02,456.73,441.48,1.00,0.00,61.05,0.00,28008.77,31114.89
2024-01-03,457.01,442.16,1.00,-0.00,61.05,0.00,27780.03,30860.78
2024-01-04,456.75,442.67,1.00,0.00,61.05,0.00,27690.55,30761.38
2024-01-05,456.33,443.10,1.00,0.00,61.05,0.00,27728.47,30803.51
2024-01-08,456.05,443.53,1.00,0.00,61.05,0.00,28124.32,31243.26
2024-01-09,456.67,444.21,1.00,0.00,61.05,0.00,28081.65,31195.86
2024-01-10,457.11,444.83,1.00,0.00,61.05,0.00,28240.47,31372.28
2024-01-11,457.85,445.52,1.00,0.00,61.05,0.00,28228.02,31358.46
2024-01-12,458.45,446.19,1.00,0.00,61.05,0.00,28247.58,31380.18
2024-01-16,459.02,446.83,1.00,0.00,61.05,0.00,28143.88,31264.98
2024-01-17,459.29,447.39,1.00,0.00,61.05,0.00,27987.44,31091.19
2024-01-18,459.18,447.82,1.00,0.00,61.05,0.00,28236.32,31367.68
2024-01-19,459.63,448.40,1.00,0.00,61.05,0.00,28588.32,31758.71
2024-01-22,460.78,449.18,1.00,0.00,61.05,0.00,28648.77,31825.86
2024-01-23,461.92,449.97,1.00,0.00,61.05,0.00,28732.32,31918.68
2024-01-24,463.08,450.78,1.00,0.00,61.05,0.00,28763.73,31953.57
2024-01-25,464.16,451.58,1.00,0.00,61.05,0.00,28920.17,32127.36
2024-01-26,465.44,452.45,1.00,0.00,61.05,0.00,28883.43,32086.55
2024-01-29,466.47,453.26,1.00,0.00,61.05,0.00,29112.17,32340.65
2024-01-30,467.85,454.19,1.00,0.00,61.05,0.00,29089.65,32315.64
2024-01-31,469.01,455.06,1.00,0.00,61.05,0.00,28614.99,31788.33
2024-02-01,468.97,455.60,1.00,0.00,61.05,0.00,28989.50,32204.38
2024-02-02,469.76,456.36,1.00,0.00,61.05,0.00,29294.69,32543.41
2024-02-05,471.11,457.28,1.00,0.00,61.05,0.00,29188.02,32424.91
2024-02-06,472.04,458.10,1.00,0.00,61.05,0.00,29272.76,32519.05
2024-02-07,473.04,458.94,1.00,0.00,61.05,0.00,29516.91,32790.28
2024-02-08,474.44,459.90,1.00,0.00,61.05,0.00,29529.95,32804.76
2024-02-09,475.68,460.83,1.00,0.00,61.05,0.00,29700.61,32994.35
2024-02-12,477.12,461.84,1.00,0.00,61.05,0.00,29687.58,32979.87
2024-02-13,478.35,462.80,1.00,0.00,61.05,0.00,29278.69,32525.64
2024-02-14,478.52,463.46,1.00,0.00,61.05,0.00,29544.76,32821.22
2024-02-15,479.24,464.26,1.00,0.00,61.05,0.00,29748.61,33047.68
2024-02-16,480.32,465.17,1.00,0.00,61.05,0.00,29600.46,32883.10
2024-02-20,480.93,465.94,1.00,0.00,61.05,0.00,29437.50,32702.07
2024-02-21,481.10,466.58,1.00,0.00,61.05,0.00,29464.17,32731.69
2024-02-22,481.31,467.21,1.00,0.00,61.05,0.00,30073.94,33409.09
2024-02-23,482.82,468.21,1.00,0.00,61.05,0.00,30094.69,33432.13
2024-02-26,484.17,469.18,1.00,0.00,61.05,0.00,29984.47,33309.68
2024-02-27,485.10,470.04,1.00,0.00,61.05,0.00,30040.16,33371.56
2024-02-28,486.04,470.91,1.00,0.00,61.05,0.00,30000.46,33327.46
2024-02-29,486.76,471.71,1.00,0.00,61.05,0.00,30108.31,33447.27
2024-03-01,487.62,472.55,1.00,0.00,61.05,0.00,30390.98,33761.28
2024-03-04,488.98,473.54,1.00,0.00,61.05,0.00,30358.39,33725.07
2024-03-05,490.09,474.48,1.00,0.00,61.05,0.00,30054.98,33388.02
2024-03-06,490.39,475.18,1.00,0.00,61.05,0.00,30207.28,33557.20
2024-03-07,490.98,475.95,1.00,0.00,61.05,0.00,30507.13,33890.31
2024-03-08,492.14,476.88,1.00,0.00,61.05,0.00,30324.02,33686.89
2024-03-11,492.76,477.66,1.00,0.00,61.05,0.00,30297.95,33657.93
2024-03-12,493.23,478.39,1.00,0.00,61.05,0.00,30623.87,34020.00
2024-03-13,494.35,479.30,1.00,0.00,61.05,0.00,30575.87,33966.67
2024-03-14,495.22,480.15,1.00,0.00,61.05,0.00,30515.43,33899.53
2024-03-15,495.84,480.92,1.00,0.00,61.05,0.00,30305.89,33666.75
2024-03-18,495.92,481.53,1.00,0.00,61.05,0.00,30486.00,33866.83
2024-03-19,496.38,482.23,1.00,0.00,61.05,0.00,30655.41,34055.04
2024-03-20,497.15,483.01,1.00,0.00,61.05,0.00,30938.96,34370.03
2024-03-21,498.44,483.94,1.00,0.00,61.05,0.00,31041.20,34483.61
2024-03-22,499.78,484.91,1.00,0.00,61.05,0.00,30982.35,34418.23
2024-03-25,500.81,485.79,1.00,0.00,61.05,0.00,30896.75,34323.14
2024-03-26,501.52,486.59,1.00,0.00,61.05,0.00,30839.68,34259.75
2024-03-27,502.01,487.32,1.00,0.00,61.05,0.00,31098.86,34547.66
2024-03-28,503.00,488.19,1.00,0.00,61.05,0.00,31092.91,34541.06
2024-04-01,503.84,489.02,1.00,0.00,61.05,0.00,31038.82,34480.96
2024-04-02,504.46,489.78,1.00,0.00,61.05,0.00,30841.47,34261.73
2024-04-03,504.56,490.38,1.00,0.00,61.05,0.00,30875.35,34299.37
2024-04-04,504.72,490.99,1.00,0.00,61.05,0.00,30498.48,33880.71
2024-04-05,504.03,491.32,1.00,0.00,61.05,0.00,30817.10,34234.65
2024-04-08,504.14,491.85,1.00,0.00,61.05,0.00,30834.34,34253.80
2024-04-09,504.27,492.37,1.00,0.00,61.05,0.00,30870.00,34293.43
2024-04-10,504.45,492.89,1.00,0.00,61.05,0.00,30560.90,33950.04
2024-04-11,503.94,493.20,1.00,0.00,61.05,0.00,30791.54,34206.26
2024-04-12,504.00,493.64,1.00,0.00,61.05,0.00,30366.52,33734.11
2024-04-15,503.13,493.78,1.00,0.00,61.05,0.00,29986.08,33311.48
2024-04-16,501.54,493.68,1.00,0.00,61.05,0.00,29931.39,33250.73
2024-04-17,500.04,493.55,1.00,0.00,61.05,0.00,29754.25,33053.94
2024-04-18,498.35,493.31,1.00,0.00,61.05,0.00,29693.03,32985.93
2024-04-19,496.76,493.04,1.00,0.00,61.05,0.00,29433.85,32698.01
2024-04-22,494.81,492.61,1.00,0.00,61.05,0.00,29704.92,32999.14
2024-04-23,493.72,492.38,1.00,0.00,61.05,0.00,30057.41,33390.72
2024-04-24,493.54,492.38,1.00,0.00,61.05,0.00,30043.15,33374.88
2024-04-25,493.35,492.37,1.00,0.00,61.05,0.00,29929.01,33248.08
2024-04-26,492.94,492.28,1.00,0.00,61.05,0.00,30212.56,33563.08
2024-04-29,493.20,492.39,1.00,0.00,61.05,0.00,30319.56,33681.94
2024-04-30,493.66,492.55,1.00,0.00,61.05,0.00,29839.26,33148.38
2024-05-01,493.01,492.41,1.00,0.00,61.05,0.00,29742.37,33040.74
2024-05-02,492.24,492.20,1.00,0.00,61.05,0.00,30020.56,33349.78
2024-05-03,492.18,492.19,0.90,-6.10,54.94,3038.49,30391.90,33763.16
2024-05-06,492.93,492.41,1.00,6.07,61.02,0.00,30691.05,34111.83
2024-05-07,494.28,492.82,1.00,0.00,61.02,0.00,30724.92,34149.47
2024-05-08,495.51,493.24,1.00,0.00,61.02,0.00,30727.89,34152.77
2024-05-09,496.59,493.65,1.00,0.00,61.02,0.00,30904.94,34349.55
2024-05-10,497.91,494.15,1.00,0.00,61.02,0.00,30944.75,34393.80
2024-05-13,499.15,494.66,1.00,0.00,61.02,0.00,30948.90,34398.42
2024-05-14,500.22,495.16,1.00,0.00,61.02,0.00,31090.91,34556.25
2024-05-15,501.47,495.72,1.00,0.00,61.02,0.00,31475.90,34984.16
2024-05-16,503.39,496.51,1.00,0.00,61.02,0.00,31411.14,34912.18
2024-05-17,504.91,497.23,1.00,0.00,61.02,0.00,31456.30,34962.37
2024-05-20,506.33,497.95,1.00,0.00,61.02,0.00,31492.54,35002.65
2024-05-21,507.64,498.66,1.00,0.00,61.02,0.00,31569.77,35088.49
2024-05-22,508.94,499.40,1.00,0.00,61.02,0.00,31478.88,34987.46
2024-05-23,509.87,500.04,1.00,0.00,61.02,0.00,31248.95,34731.90
2024-05-24,510.17,500.52,1.00,0.00,61.02,0.00,31455.70,34961.70
2024-05-28,510.89,501.11,1.00,0.00,61.02,0.00,31477.69,34986.14
2024-05-29,511.55,501.69,1.00,0.00,61.02,0.00,31257.26,34741.14
2024-05-30,511.65,502.10,1.00,0.00,61.02,0.00,31049.91,34510.68
2024-05-31,511.28,502.37,1.00,0.00,61.02,0.00,31332.71,34825.01
2024-06-03,511.58,502.81,1.00,0.00,61.02,0.00,31358.26,34853.40
2024-06-04,511.89,503.24,1.00,0.00,61.02,0.00,31393.32,34892.37
2024-06-05,512.24,503.68,1.00,0.00,61.02,0.00,31766.43,35307.06
2024-06-06,513.36,504.35,1.00,0.00,61.02,0.00,31765.84,35306.41
2024-06-07,514.33,504.99,1.00,0.00,61.02,0.00,31727.22,35263.48
2024-06-10,515.08,505.57,1.00,0.00,61.02,0.00,31825.25,35372.44
2024-06-11,515.95,506.20,1.00,0.00,61.02,0.00,31901.89,35457.63
2024-06-12,516.87,506.85,1.00,0.00,61.02,0.00,32163.91,35748.85
2024-06-13,518.24,507.65,1.00,0.00,61.02,0.00,32228.66,35820.82
2024-06-14,519.57,508.46,1.00,0.00,61.02,0.00,32248.28,35842.62
2024-06-17,520.76,509.24,1.00,0.00,61.02,0.00,32504.94,36127.88
2024-06-18,522.36,510.16,1.00,0.00,61.02,0.00,32587.53,36219.68
2024-06-20,523.92,511.10,1.00,0.00,61.02,0.00,32499.00,36121.28
2024-06-21,525.08,511.95,1.00,0.00,61.02,0.00,32455.42,36072.85
2024-06-24,525.99,512.73,1.00,0.00,61.02,0.00,32349.92,35955.59
2024-06-25,526.55,513.41,1.00,0.00,61.02,0.00,32474.50,36094.06
2024-06-26,527.31,514.15,1.00,0.00,61.02,0.00,32515.03,36139.11
2024-06-27,528.05,514.89,1.00,0.00,61.02,0.00,32566.29,36196.08
2024-06-28,528.81,515.63,1.00,0.00,61.02,0.00,32438.14,36053.64
2024-07-01,529.19,516.25,1.00,0.00,61.02,0.00,32504.90,36127.85
2024-07-02,529.66,516.90,1.00,0.00,61.02,0.00,32723.65,36370.97
2024-07-03,530.55,517.66,1.00,0.00,61.02,0.00,32869.68,36533.29
2024-07-05,531.64,518.49,1.00,-0.00,61.02,0.00,33059.23,36743.95
2024-07-08,532.99,519.40,1.00,-0.00,61.02,0.00,33097.37,36786.35
2024-07-09,534.25,520.30,1.00,0.00,61.02,0.00,33129.56,36822.13
2024-07-10,535.41,521.19,1.00,-0.00,61.02,0.00,33457.38,37186.49
2024-07-11,537.14,522.26,1.00,0.00,61.02,0.00,33168.89,36865.84
2024-07-12,538.00,523.10,1.00,0.00,61.02,0.00,33378.11,37098.38
2024-07-15,539.21,524.03,1.00,0.00,61.02,0.00,33469.91,37200.41
2024-07-16,540.45,525.00,1.00,-0.00,61.02,0.00,33668.38,37421.01
2024-07-17,541.96,526.05,1.00,0.00,61.02,0.00,33196.32,36896.33
2024-07-18,542.24,526.75,1.00,0.00,61.02,0.00,32941.20,36612.77
2024-07-19,541.93,527.27,1.00,0.00,61.02,0.00,32722.45,36369.64
2024-07-22,541.18,527.62,1.00,0.00,61.02,0.00,33059.82,36744.61
2024-07-23,541.26,528.18,1.00,0.00,61.02,0.00,33007.96,36686.98
2024-07-24,541.22,528.68,1.00,0.00,61.02,0.00,32259.92,35855.56
2024-07-25,539.56,528.68,1.00,0.00,61.02,0.00,32091.83,35668.74
2024-07-26,537.74,528.57,1.00,0.00,61.02,0.00,32451.25,36068.21
2024-07-29,536.96,528.70,1.00,0.00,61.02,0.00,32470.32,36089.41
2024-07-30,536.32,528.84,1.00,0.00,61.02,0.00,32305.82,35906.58
2024-07-31,535.40,528.86,1.00,0.00,61.02,0.00,32830.93,36490.22
2024-08-01,535.76,529.22,1.00,-0.00,61.02,0.00,32366.02,35973.48
2024-08-02,535.05,529.27,1.00,0.00,61.02,0.00,31763.42,35303.72
2024-08-05,533.12,528.93,1.00,0.00,61.02,0.00,30838.35,34275.54
2024-08-06,529.43,528.01,1.00,0.00,61.02,0.00,31122.67,34591.55
2024-08-07,526.85,527.31,0.90,-6.10,54.91,3149.94,30973.11,34360.33
2024-08-08,524.16,526.50,0.80,-6.06,48.86,6250.95,31576.42,35154.66
2024-08-09,523.39,526.18,0.70,-6.20,42.65,9460.90,31668.83,35309.68
2024-08-12,523.02,525.96,0.60,-6.18,36.47,12687.86,31686.17,35328.22
2024-08-13,522.75,525.77,0.50,-6.13,30.34,15901.16,31965.61,35909.22
2024-08-14,523.65,525.91,0.40,-6.21,24.13,19193.77,32010.83,36022.50
2024-08-15,524.65,526.12,0.30,-6.16,17.97,22502.46,32209.02,36639.94
2024-08-16,526.73,526.67,0.40,5.93,23.90,19308.04,32247.53,36722.09
2024-08-19,528.70,527.25,0.50,5.87,29.76,16128.67,32399.22,37073.20
2024-08-20,531.10,528.02,0.60,5.81,35.57,12954.34,32370.20,37012.91
2024-08-21,533.05,528.71,0.70,5.91,41.49,9722.22,32441.84,37140.12
2024-08-22,535.00,529.46,0.80,5.86,47.34,6504.09,32227.26,36848.63
2024-08-23,536.12,530.00,0.90,5.98,53.32,3238.03,32515.75,37240.15
2024-08-26,537.85,530.75,1.00,5.89,59.20,0.00,32432.22,37151.38
2024-08-27,539.18,531.42,1.00,0.00,59.20,0.00,32476.75,37202.39
2024-08-28,540.43,532.09,1.00,0.00,59.20,0.00,32288.21,36986.42
2024-08-29,541.09,532.61,1.00,0.00,59.20,0.00,32291.10,36989.73
2024-08-30,541.67,533.12,1.00,0.00,59.20,0.00,32599.35,37342.83
2024-09-03,542.87,533.80,1.00,0.00,59.20,0.00,31928.49,36574.36
2024-09-04,542.39,534.02,1.00,0.00,59.20,0.00,31863.13,36499.49
2024-09-05,541.84,534.18,1.00,0.00,59.20,0.00,31785.64,36410.72
2024-09-06,541.18,534.29,1.00,0.00,59.20,0.00,31250.68,35797.92
2024-09-09,539.40,534.04,1.00,0.00,59.20,0.00,31600.57,36198.72
2024-09-10,538.65,534.03,1.00,0.00,59.20,0.00,31738.21,36356.39
2024-09-11,538.31,534.11,1.00,0.00,59.20,0.00,32063.82,36729.38
2024-09-12,538.75,534.40,1.00,0.00,59.20,0.00,32333.90,37038.76
2024-09-13,539.74,534.86,1.00,0.00,59.20,0.00,32502.77,37232.21
2024-09-16,540.97,535.42,1.00,0.00,59.20,0.00,32550.77,37287.19
2024-09-17,542.15,535.98,1.00,0.00,59.20,0.00,32564.07,37302.42
2024-09-18,543.21,536.54,1.00,0.00,59.20,0.00,32467.50,37191.79
2024-09-19,543.90,537.00,1.00,0.00,59.20,0.00,33021.53,37826.45
2024-09-20,545.75,537.82,1.00,-0.00,59.20,0.00,32964.45,37761.06
2024-09-23,547.23,538.56,1.00,-0.00,59.20,0.00,33046.82,37855.42
2024-09-24,548.69,539.33,1.00,0.00,59.20,0.00,33141.38,37963.73
2024-09-25,550.17,540.13,1.00,0.00,59.20,0.00,33068.28,37880.00
2024-09-26,551.29,540.86,1.00,-0.00,59.20,0.00,33199.39,38030.19
2024-09-27,552.56,541.64,1.00,0.00,59.20,0.00,33151.24,37975.03
2024-09-30,553.54,542.36,1.00,-0.00,59.20,0.00,33284.09,38127.21
2024-10-01,554.70,543.14,1.00,0.00,59.20,0.00,32985.91,37785.64
2024-10-02,555.03,543.69,1.00,0.00,59.20,0.00,32999.84,37801.60
2024-10-03,555.35,544.22,1.00,-0.00,59.20,0.00,32939.50,37732.48
2024-10-04,555.49,544.70,1.00,-0.00,59.20,0.00,33238.84,38075.37
2024-10-07,556.28,545.36,1.00,0.00,59.20,0.00,32938.34,37731.15
2024-10-08,556.29,545.79,1.00,0.00,59.20,0.00,33249.86,38088.00
2024-10-09,557.00,546.41,1.00,-0.00,59.20,0.00,33480.16,38351.81
2024-10-10,558.14,547.16,1.00,0.00,59.20,0.00,33421.57,38284.70
2024-10-11,558.99,547.84,1.00,-0.00,59.20,0.00,33621.71,38513.95
2024-10-14,560.18,548.63,1.00,0.00,59.20,0.00,33896.67,38828.93
2024-10-15,561.83,549.57,1.00,-0.00,59.20,0.00,33633.31,38527.25
2024-10-16,562.67,550.29,1.00,0.00,59.20,0.00,33779.50,38694.70
2024-10-17,563.72,551.09,1.00,0.00,59.20,0.00,33782.40,38698.02
2024-10-18,564.64,551.86,1.00,0.00,59.20,0.00,33912.35,38846.88
2024-10-21,565.73,552.68,1.00,-0.00,59.20,0.00,33856.65,38783.08
2024-10-22,566.55,553.43,1.00,0.00,59.20,0.00,33838.66,38762.48
2024-10-23,567.22,554.14,1.00,0.00,59.20,0.00,33529.47,38408.30
2024-10-24,567.11,554.62,1.00,-0.00,59.20,0.00,33601.98,38491.36
2024-10-25,567.17,555.13,1.00,-0.00,59.20,0.00,33590.38,38478.07
2024-10-28,567.20,555.61,1.00,0.00,59.20,0.00,33694.23,38597.02
2024-10-29,567.46,556.14,1.00,0.00,59.20,0.00,33748.76,38659.49
2024-10-30,567.80,556.69,1.00,0.00,59.20,0.00,33646.65,38542.53
2024-10-31,567.88,557.14,1.00,-0.00,59.20,0.00,32987.08,37786.98
2024-11-01,566.45,557.15,1.00,-0.00,59.20,0.00,33126.30,37946.46
2024-11-04,565.53,557.24,1.00,0.00,59.20,0.00,33054.94,37864.72
2024-11-05,564.57,557.28,1.00,0.00,59.20,0.00,33454.64,38322.58
2024-11-06,564.64,557.59,1.00,0.00,59.20,0.00,34286.50,39275.48
2024-11-07,566.57,558.43,1.00,0.00,59.20,0.00,34551.62,39579.17
2024-11-08,568.85,559.42,1.00,-0.00,59.20,0.00,34701.28,39750.62
2024-11-11,571.15,560.47,1.00,0.00,59.20,0.00,34734.35,39788.50
2024-11-12,573.23,561.50,1.00,0.00,59.20,0.00,34626.45,39664.89
2024-11-13,574.78,562.42,1.00,0.00,59.20,0.00,34643.27,39684.17
2024-11-14,576.17,563.31,1.00,-0.00,59.20,0.00,34420.51,39428.99
2024-11-15,576.87,564.02,1.00,0.00,59.20,0.00,33979.63,38923.96
2024-11-18,576.48,564.41,1.00,0.00,59.20,0.00,34118.86,39083.45
2024-11-19,576.46,564.87,1.00,0.00,59.20,0.00,34243.58,39226.31
2024-11-20,576.72,565.41,1.00,0.00,59.20,0.00,34255.19,39239.61
2024-11-21,576.97,565.92,1.00,-0.00,59.20,0.00,34439.07,39450.25
2024-11-22,577.60,566.54,1.00,0.00,59.20,0.00,34545.82,39572.53
2024-11-25,578.39,567.21,1.00,0.00,59.20,0.00,34663.00,39706.76
2024-11-26,579.34,567.93,1.00,0.00,59.20,0.00,34843.99,39914.09
2024-11-27,580.57,568.74,1.00,0.00,59.20,0.00,34738.41,39793.15
2024-11-29,581.40,569.44,1.00,-0.00,59.20,0.00,34954.20,40040.34
2024-12-02,582.60,570.27,1.00,0.00,59.20,0.00,35016.86,40112.11
2024-12-03,583.78,571.10,1.00,0.00,59.20,0.00,35033.10,40130.72
2024-12-04,584.85,571.91,1.00,0.00,59.20,0.00,35250.64,40379.91
2024-12-05,586.26,572.83,1.00,-0.00,59.20,0.00,35192.63,40313.46
2024-12-06,587.35,573.68,1.00,0.00,59.20,0.00,35259.34,40389.88
2024-12-09,588.45,574.54,1.00,0.00,59.20,0.00,35077.77,40181.88
2024-12-10,588.99,575.24,1.00,-0.00,59.20,0.00,34968.71,40056.95
2024-12-11,589.21,575.85,1.00,0.00,59.20,0.00,35239.04,40366.62
2024-12-12,590.01,576.61,1.00,0.00,59.20,0.00,35057.47,40158.63
2024-12-13,590.30,577.22,1.00,-0.00,59.20,0.00,35050.51,40150.65
2024-12-16,590.53,577.80,1.00,0.00,59.20,0.00,35200.17,40322.09
2024-12-17,591.07,578.46,1.00,-0.00,59.20,0.00,35055.14,40155.96
2024-12-18,591.21,578.99,1.00,0.00,59.20,0.00,34010.38,38959.18
2024-12-19,588.98,578.82,1.00,-0.00,59.20,0.00,33999.93,38947.22
2024-12-20,587.02,578.64,1.00,0.00,59.20,0.00,34408.31,39415.01
2024-12-23,586.25,578.74,1.00,0.00,59.20,0.00,34614.36,39651.04
2024-12-24,586.04,578.97,1.00,0.00,59.20,0.00,34999.10,40091.77
2024-12-26,586.72,579.45,1.00,0.00,59.20,0.00,35001.43,40094.44
2024-12-27,587.32,579.91,1.00,0.00,59.20,0.00,34632.98,39672.37
2024-12-30,587.01,580.11,1.00,-0.00,59.20,0.00,34237.77,39219.65
2024-12-31,585.85,580.04,1.00,0.00,59.20,0.00,34113.20,39076.97
